"","couple","bande","mod","date","annee","ini","restant","paras","pred","Tx_pred","Tx_para","session","code2","code3","code2_session"
"1","2","BE","00m","21/7/17","2017",10,10,0,0,0,0,"1","2BE00m","2BE","2BE00m 1"
"2","2","BE","00m","21/7/17","2017",10,8,0,2,0.2,0,"1","2BE00m","2BE","2BE00m 1"
"3","2","BE","00m","21/7/17","2017",10,6,0,4,0.4,0,"1","2BE00m","2BE","2BE00m 1"
"4","2","BE","00m","21/7/17","2017",10,10,0,0,0,0,"1","2BE00m","2BE","2BE00m 1"
"5","2","BE","05m","21/7/17","2017",10,10,0,0,0,0,"1","2BE05m","2BE","2BE05m 1"
"6","2","BE","05m","21/7/17","2017",10,5,0,5,0.5,0,"1","2BE05m","2BE","2BE05m 1"
"7","2","BE","05m","21/7/17","2017",10,0,0,10,1,0,"1","2BE05m","2BE","2BE05m 1"
"8","2","BE","05m","21/7/17","2017",10,0,0,10,1,0,"1","2BE05m","2BE","2BE05m 1"
"9","2","BE","20m","21/7/17","2017",10,10,0,0,0,0,"1","2BE20m","2BE","2BE20m 1"
"10","2","BE","20m","21/7/17","2017",10,7,0,3,0.3,0,"1","2BE20m","2BE","2BE20m 1"
"11","2","BE","20m","21/7/17","2017",10,8,0,2,0.2,0,"1","2BE20m","2BE","2BE20m 1"
"12","2","BE","20m","21/7/17","2017",10,8,0,2,0.2,0,"1","2BE20m","2BE","2BE20m 1"
"13","2","BF","00m","21/7/17","2017",10,10,0,0,0,0,"1","2BF00m","2BF","2BF00m 1"
"14","2","BF","00m","21/7/17","2017",10,8,0,2,0.2,0,"1","2BF00m","2BF","2BF00m 1"
"15","2","BF","00m","21/7/17","2017",10,8,0,2,0.2,0,"1","2BF00m","2BF","2BF00m 1"
"16","2","BF","00m","21/7/17","2017",10,8,0,2,0.2,0,"1","2BF00m","2BF","2BF00m 1"
"17","2","BF","05m","21/7/17","2017",10,8,0,2,0.2,0,"1","2BF05m","2BF","2BF05m 1"
"18","2","BF","05m","21/7/17","2017",10,10,0,0,0,0,"1","2BF05m","2BF","2BF05m 1"
"19","2","BF","05m","21/7/17","2017",10,6,0,4,0.4,0,"1","2BF05m","2BF","2BF05m 1"
"20","2","BF","05m","21/7/17","2017",10,10,0,0,0,0,"1","2BF05m","2BF","2BF05m 1"
"21","2","BF","20m","21/7/17","2017",10,8,0,2,0.2,0,"1","2BF20m","2BF","2BF20m 1"
"22","2","BF","20m","21/7/17","2017",10,10,0,0,0,0,"1","2BF20m","2BF","2BF20m 1"
"23","2","BF","20m","21/7/17","2017",10,9,0,1,0.1,0,"1","2BF20m","2BF","2BF20m 1"
"24","2","BF","20m","21/7/17","2017",10,10,0,0,0,0,"1","2BF20m","2BF","2BF20m 1"
"85","6","BE","00m","21/7/17","2017",10,9,0,1,0.1,0,"1","6BE00m","6BE","6BE00m 1"
"86","6","BE","00m","21/7/17","2017",10,9,0,1,0.1,0,"1","6BE00m","6BE","6BE00m 1"
"87","6","BE","00m","21/7/17","2017",10,7,0,3,0.3,0,"1","6BE00m","6BE","6BE00m 1"
"88","6","BE","00m","21/7/17","2017",10,10,0,0,0,0,"1","6BE00m","6BE","6BE00m 1"
"89","6","BE","05m","21/7/17","2017",10,10,0,0,0,0,"1","6BE05m","6BE","6BE05m 1"
"90","6","BE","05m","21/7/17","2017",10,10,0,0,0,0,"1","6BE05m","6BE","6BE05m 1"
"91","6","BE","05m","21/7/17","2017",10,6,0,4,0.4,0,"1","6BE05m","6BE","6BE05m 1"
"92","6","BE","05m","21/7/17","2017",10,7,0,3,0.3,0,"1","6BE05m","6BE","6BE05m 1"
"93","6","BE","20m","21/7/17","2017",10,6,0,4,0.4,0,"1","6BE20m","6BE","6BE20m 1"
"94","6","BE","20m","21/7/17","2017",10,9,0,1,0.1,0,"1","6BE20m","6BE","6BE20m 1"
"95","6","BE","20m","21/7/17","2017",10,8,0,2,0.2,0,"1","6BE20m","6BE","6BE20m 1"
"96","6","BE","20m","21/7/17","2017",10,9,0,1,0.1,0,"1","6BE20m","6BE","6BE20m 1"
"97","6","BF","00m","21/7/17","2017",10,5,0,5,0.5,0,"1","6BF00m","6BF","6BF00m 1"
"98","6","BF","00m","21/7/17","2017",10,2,8,0,0,0.8,"1","6BF00m","6BF","6BF00m 1"
"99","6","BF","00m","21/7/17","2017",10,10,0,0,0,0,"1","6BF00m","6BF","6BF00m 1"
"100","6","BF","00m","21/7/17","2017",10,10,0,0,0,0,"1","6BF00m","6BF","6BF00m 1"
"101","6","BF","05m","21/7/17","2017",10,9,0,1,0.1,0,"1","6BF05m","6BF","6BF05m 1"
"102","6","BF","05m","21/7/17","2017",10,0,8,2,0.2,0.8,"1","6BF05m","6BF","6BF05m 1"
"103","6","BF","05m","21/7/17","2017",10,9,0,1,0.1,0,"1","6BF05m","6BF","6BF05m 1"
"104","6","BF","05m","21/7/17","2017",10,10,0,0,0,0,"1","6BF05m","6BF","6BF05m 1"
"105","6","BF","20m","21/7/17","2017",10,10,0,0,0,0,"1","6BF20m","6BF","6BF20m 1"
"106","6","BF","20m","21/7/17","2017",10,7,0,3,0.3,0,"1","6BF20m","6BF","6BF20m 1"
"107","6","BF","20m","21/7/17","2017",10,10,0,0,0,0,"1","6BF20m","6BF","6BF20m 1"
"108","6","BF","20m","21/7/17","2017",10,9,0,1,0.1,0,"1","6BF20m","6BF","6BF20m 1"
"109","7","BE","00m","21/7/17","2017",10,8,0,2,0.2,0,"1","7BE00m","7BE","7BE00m 1"
"110","7","BE","00m","21/7/17","2017",10,9,0,1,0.1,0,"1","7BE00m","7BE","7BE00m 1"
"111","7","BE","00m","21/7/17","2017",10,8,0,2,0.2,0,"1","7BE00m","7BE","7BE00m 1"
"112","7","BE","00m","21/7/17","2017",10,10,0,0,0,0,"1","7BE00m","7BE","7BE00m 1"
"113","7","BE","05m","21/7/17","2017",10,7,0,3,0.3,0,"1","7BE05m","7BE","7BE05m 1"
"114","7","BE","05m","21/7/17","2017",10,10,0,0,0,0,"1","7BE05m","7BE","7BE05m 1"
"115","7","BE","05m","21/7/17","2017",10,1,0,9,0.9,0,"1","7BE05m","7BE","7BE05m 1"
"116","7","BE","05m","21/7/17","2017",10,5,0,5,0.5,0,"1","7BE05m","7BE","7BE05m 1"
"117","7","BE","20m","21/7/17","2017",10,0,0,10,1,0,"1","7BE20m","7BE","7BE20m 1"
"118","7","BE","20m","21/7/17","2017",10,10,0,0,0,0,"1","7BE20m","7BE","7BE20m 1"
"119","7","BE","20m","21/7/17","2017",10,10,0,0,0,0,"1","7BE20m","7BE","7BE20m 1"
"120","7","BE","20m","21/7/17","2017",10,10,0,0,0,0,"1","7BE20m","7BE","7BE20m 1"
"121","7","BF","00m","21/7/17","2017",10,5,0,5,0.5,0,"1","7BF00m","7BF","7BF00m 1"
"122","7","BF","00m","21/7/17","2017",10,8,0,2,0.2,0,"1","7BF00m","7BF","7BF00m 1"
"123","7","BF","00m","21/7/17","2017",10,8,0,2,0.2,0,"1","7BF00m","7BF","7BF00m 1"
"124","7","BF","00m","21/7/17","2017",10,0,0,10,1,0,"1","7BF00m","7BF","7BF00m 1"
"125","7","BF","05m","21/7/17","2017",10,8,0,2,0.2,0,"1","7BF05m","7BF","7BF05m 1"
"126","7","BF","05m","21/7/17","2017",10,8,0,2,0.2,0,"1","7BF05m","7BF","7BF05m 1"
"127","7","BF","05m","21/7/17","2017",10,7,0,3,0.3,0,"1","7BF05m","7BF","7BF05m 1"
"128","7","BF","05m","21/7/17","2017",10,10,0,0,0,0,"1","7BF05m","7BF","7BF05m 1"
"129","7","BF","20m","21/7/17","2017",10,0,0,10,1,0,"1","7BF20m","7BF","7BF20m 1"
"130","7","BF","20m","21/7/17","2017",10,2,0,8,0.8,0,"1","7BF20m","7BF","7BF20m 1"
"131","7","BF","20m","21/7/17","2017",10,1,0,9,0.9,0,"1","7BF20m","7BF","7BF20m 1"
"132","7","BF","20m","21/7/17","2017",10,8,0,2,0.2,0,"1","7BF20m","7BF","7BF20m 1"
"133","8","BE","00m","21/7/17","2017",10,8,0,2,0.2,0,"1","8BE00m","8BE","8BE00m 1"
"134","8","BE","00m","21/7/17","2017",10,6,0,4,0.4,0,"1","8BE00m","8BE","8BE00m 1"
"135","8","BE","00m","21/7/17","2017",10,7,0,3,0.3,0,"1","8BE00m","8BE","8BE00m 1"
"136","8","BE","00m","21/7/17","2017",10,8,0,2,0.2,0,"1","8BE00m","8BE","8BE00m 1"
"137","8","BE","05m","21/7/17","2017",10,1,0,9,0.9,0,"1","8BE05m","8BE","8BE05m 1"
"138","8","BE","05m","21/7/17","2017",10,8,0,2,0.2,0,"1","8BE05m","8BE","8BE05m 1"
"139","8","BE","05m","21/7/17","2017",10,6,0,4,0.4,0,"1","8BE05m","8BE","8BE05m 1"
"140","8","BE","05m","21/7/17","2017",10,8,0,2,0.2,0,"1","8BE05m","8BE","8BE05m 1"
"141","8","BE","20m","21/7/17","2017",10,9,0,1,0.1,0,"1","8BE20m","8BE","8BE20m 1"
"142","8","BE","20m","21/7/17","2017",10,8,0,2,0.2,0,"1","8BE20m","8BE","8BE20m 1"
"143","8","BE","20m","21/7/17","2017",10,9,0,1,0.1,0,"1","8BE20m","8BE","8BE20m 1"
"144","8","BE","20m","21/7/17","2017",10,6,0,4,0.4,0,"1","8BE20m","8BE","8BE20m 1"
"145","8","BF","00m","21/7/17","2017",10,8,0,2,0.2,0,"1","8BF00m","8BF","8BF00m 1"
"146","8","BF","00m","21/7/17","2017",10,6,0,4,0.4,0,"1","8BF00m","8BF","8BF00m 1"
"147","8","BF","00m","21/7/17","2017",10,9,0,1,0.1,0,"1","8BF00m","8BF","8BF00m 1"
"148","8","BF","00m","21/7/17","2017",10,7,0,3,0.3,0,"1","8BF00m","8BF","8BF00m 1"
"149","8","BF","05m","21/7/17","2017",10,9,0,1,0.1,0,"1","8BF05m","8BF","8BF05m 1"
"150","8","BF","05m","21/7/17","2017",10,7,0,3,0.3,0,"1","8BF05m","8BF","8BF05m 1"
"151","8","BF","05m","21/7/17","2017",10,4,0,6,0.6,0,"1","8BF05m","8BF","8BF05m 1"
"152","8","BF","05m","21/7/17","2017",10,8,0,2,0.2,0,"1","8BF05m","8BF","8BF05m 1"
"153","8","BF","20m","21/7/17","2017",10,10,0,0,0,0,"1","8BF20m","8BF","8BF20m 1"
"154","8","BF","20m","21/7/17","2017",10,10,0,0,0,0,"1","8BF20m","8BF","8BF20m 1"
"155","8","BF","20m","21/7/17","2017",10,7,0,3,0.3,0,"1","8BF20m","8BF","8BF20m 1"
"156","8","BF","20m","21/7/17","2017",10,10,0,0,0,0,"1","8BF20m","8BF","8BF20m 1"
"157","2","BE","00m","24/7/17","2017",10,9,0,1,0.1,0,"1","2BE00m","2BE","2BE00m 1"
"158","2","BE","00m","24/7/17","2017",10,3,0,7,0.7,0,"1","2BE00m","2BE","2BE00m 1"
"159","2","BE","00m","24/7/17","2017",10,8,0,2,0.2,0,"1","2BE00m","2BE","2BE00m 1"
"160","2","BE","00m","24/7/17","2017",10,7,0,3,0.3,0,"1","2BE00m","2BE","2BE00m 1"
"161","2","BE","05m","24/7/17","2017",10,10,0,0,0,0,"1","2BE05m","2BE","2BE05m 1"
"162","2","BE","05m","24/7/17","2017",10,10,0,0,0,0,"1","2BE05m","2BE","2BE05m 1"
"163","2","BE","05m","24/7/17","2017",10,9,0,1,0.1,0,"1","2BE05m","2BE","2BE05m 1"
"164","2","BE","05m","24/7/17","2017",10,7,0,3,0.3,0,"1","2BE05m","2BE","2BE05m 1"
"165","2","BE","20m","24/7/17","2017",10,9,0,1,0.1,0,"1","2BE20m","2BE","2BE20m 1"
"166","2","BE","20m","24/7/17","2017",10,9,0,1,0.1,0,"1","2BE20m","2BE","2BE20m 1"
"167","2","BE","20m","24/7/17","2017",10,10,0,0,0,0,"1","2BE20m","2BE","2BE20m 1"
"168","2","BE","20m","24/7/17","2017",10,8,0,2,0.2,0,"1","2BE20m","2BE","2BE20m 1"
"169","2","BF","00m","24/7/17","2017",10,0,0,10,1,0,"1","2BF00m","2BF","2BF00m 1"
"170","2","BF","00m","24/7/17","2017",10,8,0,2,0.2,0,"1","2BF00m","2BF","2BF00m 1"
"171","2","BF","00m","24/7/17","2017",10,9,0,1,0.1,0,"1","2BF00m","2BF","2BF00m 1"
"172","2","BF","00m","24/7/17","2017",10,6,0,4,0.4,0,"1","2BF00m","2BF","2BF00m 1"
"173","2","BF","05m","24/7/17","2017",10,9,0,1,0.1,0,"1","2BF05m","2BF","2BF05m 1"
"174","2","BF","05m","24/7/17","2017",10,10,0,0,0,0,"1","2BF05m","2BF","2BF05m 1"
"175","2","BF","05m","24/7/17","2017",10,9,0,1,0.1,0,"1","2BF05m","2BF","2BF05m 1"
"176","2","BF","05m","24/7/17","2017",10,9,0,1,0.1,0,"1","2BF05m","2BF","2BF05m 1"
"177","2","BF","20m","24/7/17","2017",10,9,0,1,0.1,0,"1","2BF20m","2BF","2BF20m 1"
"178","2","BF","20m","24/7/17","2017",10,10,0,0,0,0,"1","2BF20m","2BF","2BF20m 1"
"179","2","BF","20m","24/7/17","2017",10,9,0,1,0.1,0,"1","2BF20m","2BF","2BF20m 1"
"180","2","BF","20m","24/7/17","2017",10,9,0,1,0.1,0,"1","2BF20m","2BF","2BF20m 1"
"253","6","BE","00m","24/7/17","2017",10,9,0,1,0.1,0,"1","6BE00m","6BE","6BE00m 1"
"254","6","BE","00m","24/7/17","2017",10,4,0,6,0.6,0,"1","6BE00m","6BE","6BE00m 1"
"255","6","BE","00m","24/7/17","2017",10,9,0,1,0.1,0,"1","6BE00m","6BE","6BE00m 1"
"256","6","BE","00m","24/7/17","2017",10,8,0,2,0.2,0,"1","6BE00m","6BE","6BE00m 1"
"257","6","BE","05m","24/7/17","2017",10,8,0,2,0.2,0,"1","6BE05m","6BE","6BE05m 1"
"258","6","BE","05m","24/7/17","2017",10,10,0,0,0,0,"1","6BE05m","6BE","6BE05m 1"
"259","6","BE","05m","24/7/17","2017",10,7,0,3,0.3,0,"1","6BE05m","6BE","6BE05m 1"
"260","6","BE","05m","24/7/17","2017",10,10,0,0,0,0,"1","6BE05m","6BE","6BE05m 1"
"261","6","BE","20m","24/7/17","2017",10,10,0,0,0,0,"1","6BE20m","6BE","6BE20m 1"
"262","6","BE","20m","24/7/17","2017",10,7,0,3,0.3,0,"1","6BE20m","6BE","6BE20m 1"
"263","6","BE","20m","24/7/17","2017",10,7,0,3,0.3,0,"1","6BE20m","6BE","6BE20m 1"
"264","6","BE","20m","24/7/17","2017",10,6,0,4,0.4,0,"1","6BE20m","6BE","6BE20m 1"
"265","6","BF","00m","24/7/17","2017",10,9,0,1,0.1,0,"1","6BF00m","6BF","6BF00m 1"
"266","6","BF","00m","24/7/17","2017",10,10,0,0,0,0,"1","6BF00m","6BF","6BF00m 1"
"267","6","BF","00m","24/7/17","2017",10,7,0,3,0.3,0,"1","6BF00m","6BF","6BF00m 1"
"268","6","BF","00m","24/7/17","2017",10,9,0,1,0.1,0,"1","6BF00m","6BF","6BF00m 1"
"269","6","BF","05m","24/7/17","2017",10,9,0,1,0.1,0,"1","6BF05m","6BF","6BF05m 1"
"270","6","BF","05m","24/7/17","2017",10,9,0,1,0.1,0,"1","6BF05m","6BF","6BF05m 1"
"271","6","BF","05m","24/7/17","2017",10,10,0,0,0,0,"1","6BF05m","6BF","6BF05m 1"
"272","6","BF","05m","24/7/17","2017",10,5,0,5,0.5,0,"1","6BF05m","6BF","6BF05m 1"
"273","6","BF","20m","24/7/17","2017",10,9,0,1,0.1,0,"1","6BF20m","6BF","6BF20m 1"
"274","6","BF","20m","24/7/17","2017",10,10,0,0,0,0,"1","6BF20m","6BF","6BF20m 1"
"275","6","BF","20m","24/7/17","2017",10,8,0,2,0.2,0,"1","6BF20m","6BF","6BF20m 1"
"276","6","BF","20m","24/7/17","2017",10,8,0,2,0.2,0,"1","6BF20m","6BF","6BF20m 1"
"277","7","BE","00m","24/7/17","2017",10,8,0,2,0.2,0,"1","7BE00m","7BE","7BE00m 1"
"278","7","BE","00m","24/7/17","2017",10,9,0,1,0.1,0,"1","7BE00m","7BE","7BE00m 1"
"279","7","BE","00m","24/7/17","2017",10,6,0,4,0.4,0,"1","7BE00m","7BE","7BE00m 1"
"280","7","BE","00m","24/7/17","2017",10,10,0,0,0,0,"1","7BE00m","7BE","7BE00m 1"
"281","7","BE","05m","24/7/17","2017",10,0,0,10,1,0,"1","7BE05m","7BE","7BE05m 1"
"282","7","BE","05m","24/7/17","2017",10,9,0,1,0.1,0,"1","7BE05m","7BE","7BE05m 1"
"283","7","BE","05m","24/7/17","2017",10,8,0,2,0.2,0,"1","7BE05m","7BE","7BE05m 1"
"284","7","BE","05m","24/7/17","2017",10,0,0,10,1,0,"1","7BE05m","7BE","7BE05m 1"
"285","7","BE","20m","24/7/17","2017",10,6,0,4,0.4,0,"1","7BE20m","7BE","7BE20m 1"
"286","7","BE","20m","24/7/17","2017",10,10,0,0,0,0,"1","7BE20m","7BE","7BE20m 1"
"287","7","BE","20m","24/7/17","2017",10,0,0,10,1,0,"1","7BE20m","7BE","7BE20m 1"
"288","7","BE","20m","24/7/17","2017",10,10,0,0,0,0,"1","7BE20m","7BE","7BE20m 1"
"289","7","BF","00m","24/7/17","2017",10,0,0,10,1,0,"1","7BF00m","7BF","7BF00m 1"
"290","7","BF","00m","24/7/17","2017",10,0,0,10,1,0,"1","7BF00m","7BF","7BF00m 1"
"291","7","BF","00m","24/7/17","2017",10,7,0,3,0.3,0,"1","7BF00m","7BF","7BF00m 1"
"292","7","BF","00m","24/7/17","2017",10,7,0,3,0.3,0,"1","7BF00m","7BF","7BF00m 1"
"293","7","BF","05m","24/7/17","2017",10,8,0,2,0.2,0,"1","7BF05m","7BF","7BF05m 1"
"294","7","BF","05m","24/7/17","2017",10,3,0,7,0.7,0,"1","7BF05m","7BF","7BF05m 1"
"295","7","BF","05m","24/7/17","2017",10,10,0,0,0,0,"1","7BF05m","7BF","7BF05m 1"
"296","7","BF","05m","24/7/17","2017",10,0,0,10,1,0,"1","7BF05m","7BF","7BF05m 1"
"297","7","BF","20m","24/7/17","2017",10,10,0,0,0,0,"1","7BF20m","7BF","7BF20m 1"
"298","7","BF","20m","24/7/17","2017",10,0,0,10,1,0,"1","7BF20m","7BF","7BF20m 1"
"299","7","BF","20m","24/7/17","2017",10,0,0,10,1,0,"1","7BF20m","7BF","7BF20m 1"
"300","7","BF","20m","24/7/17","2017",10,8,0,2,0.2,0,"1","7BF20m","7BF","7BF20m 1"
"301","8","BE","00m","24/7/17","2017",10,7,0,3,0.3,0,"1","8BE00m","8BE","8BE00m 1"
"302","8","BE","00m","24/7/17","2017",10,8,0,2,0.2,0,"1","8BE00m","8BE","8BE00m 1"
"303","8","BE","00m","24/7/17","2017",10,9,0,1,0.1,0,"1","8BE00m","8BE","8BE00m 1"
"304","8","BE","00m","24/7/17","2017",10,8,0,2,0.2,0,"1","8BE00m","8BE","8BE00m 1"
"305","8","BE","05m","24/7/17","2017",10,9,0,1,0.1,0,"1","8BE05m","8BE","8BE05m 1"
"306","8","BE","05m","24/7/17","2017",10,9,0,1,0.1,0,"1","8BE05m","8BE","8BE05m 1"
"307","8","BE","05m","24/7/17","2017",10,8,0,2,0.2,0,"1","8BE05m","8BE","8BE05m 1"
"308","8","BE","05m","24/7/17","2017",10,10,0,0,0,0,"1","8BE05m","8BE","8BE05m 1"
"309","8","BE","20m","24/7/17","2017",10,9,0,1,0.1,0,"1","8BE20m","8BE","8BE20m 1"
"310","8","BE","20m","24/7/17","2017",10,6,0,4,0.4,0,"1","8BE20m","8BE","8BE20m 1"
"311","8","BE","20m","24/7/17","2017",10,8,0,2,0.2,0,"1","8BE20m","8BE","8BE20m 1"
"312","8","BE","20m","24/7/17","2017",10,9,0,1,0.1,0,"1","8BE20m","8BE","8BE20m 1"
"313","8","BF","00m","24/7/17","2017",10,10,0,0,0,0,"1","8BF00m","8BF","8BF00m 1"
"314","8","BF","00m","24/7/17","2017",10,7,0,3,0.3,0,"1","8BF00m","8BF","8BF00m 1"
"315","8","BF","00m","24/7/17","2017",10,10,0,0,0,0,"1","8BF00m","8BF","8BF00m 1"
"316","8","BF","00m","24/7/17","2017",10,10,0,0,0,0,"1","8BF00m","8BF","8BF00m 1"
"317","8","BF","05m","24/7/17","2017",10,9,0,1,0.1,0,"1","8BF05m","8BF","8BF05m 1"
"318","8","BF","05m","24/7/17","2017",10,6,0,4,0.4,0,"1","8BF05m","8BF","8BF05m 1"
"319","8","BF","05m","24/7/17","2017",10,10,0,0,0,0,"1","8BF05m","8BF","8BF05m 1"
"320","8","BF","05m","24/7/17","2017",10,10,0,0,0,0,"1","8BF05m","8BF","8BF05m 1"
"321","8","BF","20m","24/7/17","2017",10,9,0,1,0.1,0,"1","8BF20m","8BF","8BF20m 1"
"322","8","BF","20m","24/7/17","2017",10,8,0,2,0.2,0,"1","8BF20m","8BF","8BF20m 1"
"323","8","BF","20m","24/7/17","2017",10,6,0,4,0.4,0,"1","8BF20m","8BF","8BF20m 1"
"324","8","BF","20m","24/7/17","2017",10,9,0,1,0.1,0,"1","8BF20m","8BF","8BF20m 1"
"325","2","BE","00m","28/7/17","2017",10,0,0,10,1,0,"1","2BE00m","2BE","2BE00m 1"
"326","2","BE","00m","28/7/17","2017",10,0,0,10,1,0,"1","2BE00m","2BE","2BE00m 1"
"327","2","BE","00m","28/7/17","2017",10,8,0,2,0.2,0,"1","2BE00m","2BE","2BE00m 1"
"328","2","BE","00m","28/7/17","2017",10,6,0,4,0.4,0,"1","2BE00m","2BE","2BE00m 1"
"329","2","BE","05m","28/7/17","2017",10,10,0,0,0,0,"1","2BE05m","2BE","2BE05m 1"
"330","2","BE","05m","28/7/17","2017",10,6,0,4,0.4,0,"1","2BE05m","2BE","2BE05m 1"
"331","2","BE","05m","28/7/17","2017",10,10,0,0,0,0,"1","2BE05m","2BE","2BE05m 1"
"332","2","BE","05m","28/7/17","2017",10,10,0,0,0,0,"1","2BE05m","2BE","2BE05m 1"
"333","2","BE","20m","28/7/17","2017",10,5,0,5,0.5,0,"1","2BE20m","2BE","2BE20m 1"
"334","2","BE","20m","28/7/17","2017",10,3,0,7,0.7,0,"1","2BE20m","2BE","2BE20m 1"
"335","2","BE","20m","28/7/17","2017",10,6,0,4,0.4,0,"1","2BE20m","2BE","2BE20m 1"
"336","2","BE","20m","28/7/17","2017",10,8,0,2,0.2,0,"1","2BE20m","2BE","2BE20m 1"
"337","2","BF","00m","28/7/17","2017",10,9,0,1,0.1,0,"1","2BF00m","2BF","2BF00m 1"
"338","2","BF","00m","28/7/17","2017",10,7,0,3,0.3,0,"1","2BF00m","2BF","2BF00m 1"
"339","2","BF","00m","28/7/17","2017",10,9,0,1,0.1,0,"1","2BF00m","2BF","2BF00m 1"
"340","2","BF","00m","28/7/17","2017",10,7,0,3,0.3,0,"1","2BF00m","2BF","2BF00m 1"
"341","2","BF","05m","28/7/17","2017",10,8,0,2,0.2,0,"1","2BF05m","2BF","2BF05m 1"
"342","2","BF","05m","28/7/17","2017",10,10,0,0,0,0,"1","2BF05m","2BF","2BF05m 1"
"343","2","BF","05m","28/7/17","2017",10,7,0,3,0.3,0,"1","2BF05m","2BF","2BF05m 1"
"344","2","BF","05m","28/7/17","2017",10,10,0,0,0,0,"1","2BF05m","2BF","2BF05m 1"
"345","2","BF","20m","28/7/17","2017",10,9,0,1,0.1,0,"1","2BF20m","2BF","2BF20m 1"
"346","2","BF","20m","28/7/17","2017",10,5,0,5,0.5,0,"1","2BF20m","2BF","2BF20m 1"
"347","2","BF","20m","28/7/17","2017",10,6,0,4,0.4,0,"1","2BF20m","2BF","2BF20m 1"
"348","2","BF","20m","28/7/17","2017",10,9,0,1,0.1,0,"1","2BF20m","2BF","2BF20m 1"
"421","6","BE","00m","28/7/17","2017",10,10,0,0,0,0,"1","6BE00m","6BE","6BE00m 1"
"422","6","BE","00m","28/7/17","2017",10,10,0,0,0,0,"1","6BE00m","6BE","6BE00m 1"
"423","6","BE","00m","28/7/17","2017",10,8,0,2,0.2,0,"1","6BE00m","6BE","6BE00m 1"
"424","6","BE","00m","28/7/17","2017",10,10,0,0,0,0,"1","6BE00m","6BE","6BE00m 1"
"425","6","BE","05m","28/7/17","2017",10,10,0,0,0,0,"1","6BE05m","6BE","6BE05m 1"
"426","6","BE","05m","28/7/17","2017",10,10,0,0,0,0,"1","6BE05m","6BE","6BE05m 1"
"427","6","BE","05m","28/7/17","2017",10,9,0,1,0.1,0,"1","6BE05m","6BE","6BE05m 1"
"428","6","BE","05m","28/7/17","2017",10,8,0,2,0.2,0,"1","6BE05m","6BE","6BE05m 1"
"429","6","BE","20m","28/7/17","2017",10,9,0,1,0.1,0,"1","6BE20m","6BE","6BE20m 1"
"430","6","BE","20m","28/7/17","2017",10,9,0,1,0.1,0,"1","6BE20m","6BE","6BE20m 1"
"431","6","BE","20m","28/7/17","2017",10,9,0,1,0.1,0,"1","6BE20m","6BE","6BE20m 1"
"432","6","BE","20m","28/7/17","2017",10,9,0,1,0.1,0,"1","6BE20m","6BE","6BE20m 1"
"433","6","BF","00m","28/7/17","2017",10,5,0,5,0.5,0,"1","6BF00m","6BF","6BF00m 1"
"434","6","BF","00m","28/7/17","2017",10,9,0,1,0.1,0,"1","6BF00m","6BF","6BF00m 1"
"435","6","BF","00m","28/7/17","2017",10,10,0,0,0,0,"1","6BF00m","6BF","6BF00m 1"
"436","6","BF","00m","28/7/17","2017",10,9,0,1,0.1,0,"1","6BF00m","6BF","6BF00m 1"
"437","6","BF","05m","28/7/17","2017",10,0,0,10,1,0,"1","6BF05m","6BF","6BF05m 1"
"438","6","BF","05m","28/7/17","2017",10,9,0,1,0.1,0,"1","6BF05m","6BF","6BF05m 1"
"439","6","BF","05m","28/7/17","2017",10,8,0,2,0.2,0,"1","6BF05m","6BF","6BF05m 1"
"440","6","BF","05m","28/7/17","2017",10,10,0,0,0,0,"1","6BF05m","6BF","6BF05m 1"
"441","6","BF","20m","28/7/17","2017",10,9,0,1,0.1,0,"1","6BF20m","6BF","6BF20m 1"
"442","6","BF","20m","28/7/17","2017",10,9,0,1,0.1,0,"1","6BF20m","6BF","6BF20m 1"
"443","6","BF","20m","28/7/17","2017",10,6,0,4,0.4,0,"1","6BF20m","6BF","6BF20m 1"
"444","6","BF","20m","28/7/17","2017",10,10,0,0,0,0,"1","6BF20m","6BF","6BF20m 1"
"445","7","BE","00m","28/7/17","2017",10,8,0,2,0.2,0,"1","7BE00m","7BE","7BE00m 1"
"446","7","BE","00m","28/7/17","2017",10,10,0,0,0,0,"1","7BE00m","7BE","7BE00m 1"
"447","7","BE","00m","28/7/17","2017",10,9,0,1,0.1,0,"1","7BE00m","7BE","7BE00m 1"
"448","7","BE","05m","28/7/17","2017",10,10,0,0,0,0,"1","7BE05m","7BE","7BE05m 1"
"449","7","BE","05m","28/7/17","2017",10,10,0,0,0,0,"1","7BE05m","7BE","7BE05m 1"
"450","7","BE","05m","28/7/17","2017",10,9,0,1,0.1,0,"1","7BE05m","7BE","7BE05m 1"
"451","7","BE","05m","28/7/17","2017",10,8,0,2,0.2,0,"1","7BE05m","7BE","7BE05m 1"
"452","7","BE","20m","28/7/17","2017",10,5,0,5,0.5,0,"1","7BE20m","7BE","7BE20m 1"
"453","7","BE","20m","28/7/17","2017",10,10,0,0,0,0,"1","7BE20m","7BE","7BE20m 1"
"454","7","BE","20m","28/7/17","2017",10,10,0,0,0,0,"1","7BE20m","7BE","7BE20m 1"
"455","7","BE","20m","28/7/17","2017",10,9,0,1,0.1,0,"1","7BE20m","7BE","7BE20m 1"
"456","7","BF","00m","28/7/17","2017",10,0,0,10,1,0,"1","7BF00m","7BF","7BF00m 1"
"457","7","BF","00m","28/7/17","2017",10,6,0,4,0.4,0,"1","7BF00m","7BF","7BF00m 1"
"458","7","BF","00m","28/7/17","2017",10,8,0,2,0.2,0,"1","7BF00m","7BF","7BF00m 1"
"459","7","BF","00m","28/7/17","2017",10,0,0,10,1,0,"1","7BF00m","7BF","7BF00m 1"
"460","7","BF","05m","28/7/17","2017",10,0,0,10,1,0,"1","7BF05m","7BF","7BF05m 1"
"461","7","BF","05m","28/7/17","2017",10,8,0,2,0.2,0,"1","7BF05m","7BF","7BF05m 1"
"462","7","BF","05m","28/7/17","2017",10,7,0,3,0.3,0,"1","7BF05m","7BF","7BF05m 1"
"463","7","BF","05m","28/7/17","2017",10,8,0,2,0.2,0,"1","7BF05m","7BF","7BF05m 1"
"464","7","BF","20m","28/7/17","2017",10,8,0,2,0.2,0,"1","7BF20m","7BF","7BF20m 1"
"465","7","BF","20m","28/7/17","2017",10,10,0,0,0,0,"1","7BF20m","7BF","7BF20m 1"
"466","7","BF","20m","28/7/17","2017",10,8,0,2,0.2,0,"1","7BF20m","7BF","7BF20m 1"
"467","7","BF","20m","28/7/17","2017",10,8,0,2,0.2,0,"1","7BF20m","7BF","7BF20m 1"
"468","8","BE","00m","28/7/17","2017",10,8,0,2,0.2,0,"1","8BE00m","8BE","8BE00m 1"
"469","8","BE","00m","28/7/17","2017",10,7,0,3,0.3,0,"1","8BE00m","8BE","8BE00m 1"
"470","8","BE","00m","28/7/17","2017",10,8,0,2,0.2,0,"1","8BE00m","8BE","8BE00m 1"
"471","8","BE","00m","28/7/17","2017",10,5,0,5,0.5,0,"1","8BE00m","8BE","8BE00m 1"
"472","8","BE","05m","28/7/17","2017",10,8,0,2,0.2,0,"1","8BE05m","8BE","8BE05m 1"
"473","8","BE","05m","28/7/17","2017",10,7,0,3,0.3,0,"1","8BE05m","8BE","8BE05m 1"
"474","8","BE","05m","28/7/17","2017",10,5,0,5,0.5,0,"1","8BE05m","8BE","8BE05m 1"
"475","8","BE","05m","28/7/17","2017",10,10,0,0,0,0,"1","8BE05m","8BE","8BE05m 1"
"476","8","BE","20m","28/7/17","2017",10,10,0,0,0,0,"1","8BE20m","8BE","8BE20m 1"
"477","8","BE","20m","28/7/17","2017",10,8,0,2,0.2,0,"1","8BE20m","8BE","8BE20m 1"
"478","8","BE","20m","28/7/17","2017",10,8,0,2,0.2,0,"1","8BE20m","8BE","8BE20m 1"
"479","8","BE","20m","28/7/17","2017",10,9,0,1,0.1,0,"1","8BE20m","8BE","8BE20m 1"
"480","8","BF","00m","28/7/17","2017",10,9,0,1,0.1,0,"1","8BF00m","8BF","8BF00m 1"
"481","8","BF","00m","28/7/17","2017",10,7,0,3,0.3,0,"1","8BF00m","8BF","8BF00m 1"
"482","8","BF","00m","28/7/17","2017",10,7,0,3,0.3,0,"1","8BF00m","8BF","8BF00m 1"
"483","8","BF","00m","28/7/17","2017",10,10,0,0,0,0,"1","8BF00m","8BF","8BF00m 1"
"484","8","BF","05m","28/7/17","2017",10,7,0,3,0.3,0,"1","8BF05m","8BF","8BF05m 1"
"485","8","BF","05m","28/7/17","2017",10,8,0,2,0.2,0,"1","8BF05m","8BF","8BF05m 1"
"486","8","BF","05m","28/7/17","2017",10,10,0,0,0,0,"1","8BF05m","8BF","8BF05m 1"
"487","8","BF","05m","28/7/17","2017",10,3,0,7,0.7,0,"1","8BF05m","8BF","8BF05m 1"
"488","8","BF","20m","28/7/17","2017",10,8,0,2,0.2,0,"1","8BF20m","8BF","8BF20m 1"
"489","8","BF","20m","28/7/17","2017",10,6,0,4,0.4,0,"1","8BF20m","8BF","8BF20m 1"
"490","8","BF","20m","28/7/17","2017",10,9,0,1,0.1,0,"1","8BF20m","8BF","8BF20m 1"
"491","8","BF","20m","28/7/17","2017",10,8,0,2,0.2,0,"1","8BF20m","8BF","8BF20m 1"
"492","2","BE","00m","6/9/17","2017",10,8,0,2,0.2,0,"2","2BE00m","2BE","2BE00m 2"
"493","2","BE","00m","6/9/17","2017",10,10,0,0,0,0,"2","2BE00m","2BE","2BE00m 2"
"494","2","BE","00m","6/9/17","2017",10,10,0,0,0,0,"2","2BE00m","2BE","2BE00m 2"
"495","2","BE","00m","6/9/17","2017",10,8,0,2,0.2,0,"2","2BE00m","2BE","2BE00m 2"
"496","2","BE","05m","6/9/17","2017",10,7,0,3,0.3,0,"2","2BE05m","2BE","2BE05m 2"
"497","2","BE","05m","6/9/17","2017",10,9,0,1,0.1,0,"2","2BE05m","2BE","2BE05m 2"
"498","2","BE","05m","6/9/17","2017",10,10,0,0,0,0,"2","2BE05m","2BE","2BE05m 2"
"499","2","BE","05m","6/9/17","2017",10,7,0,3,0.3,0,"2","2BE05m","2BE","2BE05m 2"
"500","2","BE","20m","6/9/17","2017",10,10,0,0,0,0,"2","2BE20m","2BE","2BE20m 2"
"501","2","BE","20m","6/9/17","2017",10,10,0,0,0,0,"2","2BE20m","2BE","2BE20m 2"
"502","2","BE","20m","6/9/17","2017",10,9,0,1,0.1,0,"2","2BE20m","2BE","2BE20m 2"
"503","2","BE","20m","6/9/17","2017",10,10,0,0,0,0,"2","2BE20m","2BE","2BE20m 2"
"504","2","BF","00m","6/9/17","2017",10,2,8,0,0,0.8,"2","2BF00m","2BF","2BF00m 2"
"505","2","BF","00m","6/9/17","2017",10,9,0,1,0.1,0,"2","2BF00m","2BF","2BF00m 2"
"506","2","BF","00m","6/9/17","2017",10,10,0,0,0,0,"2","2BF00m","2BF","2BF00m 2"
"507","2","BF","00m","6/9/17","2017",10,9,0,1,0.1,0,"2","2BF00m","2BF","2BF00m 2"
"508","2","BF","05m","6/9/17","2017",10,9,0,1,0.1,0,"2","2BF05m","2BF","2BF05m 2"
"509","2","BF","05m","6/9/17","2017",10,8,0,2,0.2,0,"2","2BF05m","2BF","2BF05m 2"
"510","2","BF","05m","6/9/17","2017",10,9,0,1,0.1,0,"2","2BF05m","2BF","2BF05m 2"
"511","2","BF","05m","6/9/17","2017",10,10,0,0,0,0,"2","2BF05m","2BF","2BF05m 2"
"512","2","BF","20m","6/9/17","2017",10,9,0,1,0.1,0,"2","2BF20m","2BF","2BF20m 2"
"513","2","BF","20m","6/9/17","2017",10,10,0,0,0,0,"2","2BF20m","2BF","2BF20m 2"
"514","2","BF","20m","6/9/17","2017",10,7,0,3,0.3,0,"2","2BF20m","2BF","2BF20m 2"
"515","2","BF","20m","6/9/17","2017",10,8,0,2,0.2,0,"2","2BF20m","2BF","2BF20m 2"
"588","6","BE","00m","6/9/17","2017",10,9,0,1,0.1,0,"2","6BE00m","6BE","6BE00m 2"
"589","6","BE","00m","6/9/17","2017",10,9,0,1,0.1,0,"2","6BE00m","6BE","6BE00m 2"
"590","6","BE","00m","6/9/17","2017",10,7,0,3,0.3,0,"2","6BE00m","6BE","6BE00m 2"
"591","6","BE","00m","6/9/17","2017",10,2,5,3,0.3,0.5,"2","6BE00m","6BE","6BE00m 2"
"592","6","BE","05m","6/9/17","2017",10,5,0,5,0.5,0,"2","6BE05m","6BE","6BE05m 2"
"593","6","BE","05m","6/9/17","2017",10,8,0,2,0.2,0,"2","6BE05m","6BE","6BE05m 2"
"594","6","BE","05m","6/9/17","2017",10,10,0,0,0,0,"2","6BE05m","6BE","6BE05m 2"
"595","6","BE","05m","6/9/17","2017",10,7,0,3,0.3,0,"2","6BE05m","6BE","6BE05m 2"
"596","6","BE","20m","6/9/17","2017",10,9,0,1,0.1,0,"2","6BE20m","6BE","6BE20m 2"
"597","6","BE","20m","6/9/17","2017",10,6,0,4,0.4,0,"2","6BE20m","6BE","6BE20m 2"
"598","6","BE","20m","6/9/17","2017",10,7,0,3,0.3,0,"2","6BE20m","6BE","6BE20m 2"
"599","6","BE","20m","6/9/17","2017",10,0,0,10,1,0,"2","6BE20m","6BE","6BE20m 2"
"600","6","BF","00m","6/9/17","2017",10,7,0,3,0.3,0,"2","6BF00m","6BF","6BF00m 2"
"601","6","BF","00m","6/9/17","2017",10,6,0,4,0.4,0,"2","6BF00m","6BF","6BF00m 2"
"602","6","BF","00m","6/9/17","2017",10,7,0,3,0.3,0,"2","6BF00m","6BF","6BF00m 2"
"603","6","BF","00m","6/9/17","2017",10,7,0,3,0.3,0,"2","6BF00m","6BF","6BF00m 2"
"604","6","BF","05m","6/9/17","2017",10,9,0,1,0.1,0,"2","6BF05m","6BF","6BF05m 2"
"605","6","BF","05m","6/9/17","2017",10,10,0,0,0,0,"2","6BF05m","6BF","6BF05m 2"
"606","6","BF","05m","6/9/17","2017",10,9,0,1,0.1,0,"2","6BF05m","6BF","6BF05m 2"
"607","6","BF","05m","6/9/17","2017",10,8,0,2,0.2,0,"2","6BF05m","6BF","6BF05m 2"
"608","6","BF","20m","6/9/17","2017",10,2,8,0,0,0.8,"2","6BF20m","6BF","6BF20m 2"
"609","6","BF","20m","6/9/17","2017",10,10,0,0,0,0,"2","6BF20m","6BF","6BF20m 2"
"610","6","BF","20m","6/9/17","2017",10,9,0,1,0.1,0,"2","6BF20m","6BF","6BF20m 2"
"611","6","BF","20m","6/9/17","2017",10,9,0,1,0.1,0,"2","6BF20m","6BF","6BF20m 2"
"612","7","BE","00m","6/9/17","2017",10,0,0,10,1,0,"2","7BE00m","7BE","7BE00m 2"
"613","7","BE","00m","6/9/17","2017",10,9,0,1,0.1,0,"2","7BE00m","7BE","7BE00m 2"
"614","7","BE","00m","6/9/17","2017",10,10,0,0,0,0,"2","7BE00m","7BE","7BE00m 2"
"615","7","BE","00m","6/9/17","2017",10,0,0,10,1,0,"2","7BE00m","7BE","7BE00m 2"
"616","7","BE","05m","6/9/17","2017",10,10,0,0,0,0,"2","7BE05m","7BE","7BE05m 2"
"617","7","BE","05m","6/9/17","2017",10,10,0,0,0,0,"2","7BE05m","7BE","7BE05m 2"
"618","7","BE","05m","6/9/17","2017",10,10,0,0,0,0,"2","7BE05m","7BE","7BE05m 2"
"619","7","BE","05m","6/9/17","2017",10,0,0,10,1,0,"2","7BE05m","7BE","7BE05m 2"
"620","7","BE","20m","6/9/17","2017",10,8,0,2,0.2,0,"2","7BE20m","7BE","7BE20m 2"
"621","7","BE","20m","6/9/17","2017",10,10,0,0,0,0,"2","7BE20m","7BE","7BE20m 2"
"622","7","BE","20m","6/9/17","2017",10,0,0,10,1,0,"2","7BE20m","7BE","7BE20m 2"
"623","7","BE","20m","6/9/17","2017",10,1,0,9,0.9,0,"2","7BE20m","7BE","7BE20m 2"
"624","7","BF","00m","6/9/17","2017",10,0,0,10,1,0,"2","7BF00m","7BF","7BF00m 2"
"625","7","BF","00m","6/9/17","2017",10,0,0,10,1,0,"2","7BF00m","7BF","7BF00m 2"
"626","7","BF","00m","6/9/17","2017",10,9,0,1,0.1,0,"2","7BF00m","7BF","7BF00m 2"
"627","7","BF","00m","6/9/17","2017",10,0,0,10,1,0,"2","7BF00m","7BF","7BF00m 2"
"628","7","BF","05m","6/9/17","2017",10,1,0,9,0.9,0,"2","7BF05m","7BF","7BF05m 2"
"629","7","BF","05m","6/9/17","2017",10,6,0,4,0.4,0,"2","7BF05m","7BF","7BF05m 2"
"630","7","BF","05m","6/9/17","2017",10,9,0,1,0.1,0,"2","7BF05m","7BF","7BF05m 2"
"631","7","BF","05m","6/9/17","2017",10,0,0,10,1,0,"2","7BF05m","7BF","7BF05m 2"
"632","7","BF","20m","6/9/17","2017",10,8,0,2,0.2,0,"2","7BF20m","7BF","7BF20m 2"
"633","7","BF","20m","6/9/17","2017",10,0,0,10,1,0,"2","7BF20m","7BF","7BF20m 2"
"634","7","BF","20m","6/9/17","2017",10,7,0,3,0.3,0,"2","7BF20m","7BF","7BF20m 2"
"635","7","BF","20m","6/9/17","2017",10,6,0,4,0.4,0,"2","7BF20m","7BF","7BF20m 2"
"636","8","BE","00m","6/9/17","2017",10,10,0,0,0,0,"2","8BE00m","8BE","8BE00m 2"
"637","8","BE","00m","6/9/17","2017",10,10,0,0,0,0,"2","8BE00m","8BE","8BE00m 2"
"638","8","BE","00m","6/9/17","2017",10,0,8,2,0.2,0.8,"2","8BE00m","8BE","8BE00m 2"
"639","8","BE","00m","6/9/17","2017",10,7,0,3,0.3,0,"2","8BE00m","8BE","8BE00m 2"
"640","8","BE","05m","6/9/17","2017",10,9,0,1,0.1,0,"2","8BE05m","8BE","8BE05m 2"
"641","8","BE","05m","6/9/17","2017",10,9,0,1,0.1,0,"2","8BE05m","8BE","8BE05m 2"
"642","8","BE","05m","6/9/17","2017",10,8,0,2,0.2,0,"2","8BE05m","8BE","8BE05m 2"
"643","8","BE","05m","6/9/17","2017",10,10,0,0,0,0,"2","8BE05m","8BE","8BE05m 2"
"644","8","BE","20m","6/9/17","2017",10,10,0,0,0,0,"2","8BE20m","8BE","8BE20m 2"
"645","8","BE","20m","6/9/17","2017",10,9,0,1,0.1,0,"2","8BE20m","8BE","8BE20m 2"
"646","8","BE","20m","6/9/17","2017",10,10,0,0,0,0,"2","8BE20m","8BE","8BE20m 2"
"647","8","BE","20m","6/9/17","2017",10,7,0,3,0.3,0,"2","8BE20m","8BE","8BE20m 2"
"648","8","BF","00m","6/9/17","2017",10,6,0,4,0.4,0,"2","8BF00m","8BF","8BF00m 2"
"649","8","BF","00m","6/9/17","2017",10,10,0,0,0,0,"2","8BF00m","8BF","8BF00m 2"
"650","8","BF","00m","6/9/17","2017",10,10,0,0,0,0,"2","8BF00m","8BF","8BF00m 2"
"651","8","BF","00m","6/9/17","2017",10,8,0,2,0.2,0,"2","8BF00m","8BF","8BF00m 2"
"652","8","BF","05m","6/9/17","2017",10,9,0,1,0.1,0,"2","8BF05m","8BF","8BF05m 2"
"653","8","BF","05m","6/9/17","2017",10,10,0,0,0,0,"2","8BF05m","8BF","8BF05m 2"
"654","8","BF","05m","6/9/17","2017",10,8,0,2,0.2,0,"2","8BF05m","8BF","8BF05m 2"
"655","8","BF","05m","6/9/17","2017",10,7,0,3,0.3,0,"2","8BF05m","8BF","8BF05m 2"
"656","8","BF","20m","6/9/17","2017",10,10,0,0,0,0,"2","8BF20m","8BF","8BF20m 2"
"657","8","BF","20m","6/9/17","2017",10,10,0,0,0,0,"2","8BF20m","8BF","8BF20m 2"
"658","8","BF","20m","6/9/17","2017",10,8,0,2,0.2,0,"2","8BF20m","8BF","8BF20m 2"
"659","8","BF","20m","6/9/17","2017",10,10,0,0,0,0,"2","8BF20m","8BF","8BF20m 2"
"660","2","BE","00m","8/9/17","2017",10,9,0,1,0.1,0,"2","2BE00m","2BE","2BE00m 2"
"661","2","BE","00m","8/9/17","2017",10,10,0,0,0,0,"2","2BE00m","2BE","2BE00m 2"
"662","2","BE","00m","8/9/17","2017",10,9,0,1,0.1,0,"2","2BE00m","2BE","2BE00m 2"
"663","2","BE","00m","8/9/17","2017",10,8,0,2,0.2,0,"2","2BE00m","2BE","2BE00m 2"
"664","2","BE","05m","8/9/17","2017",10,7,0,3,0.3,0,"2","2BE05m","2BE","2BE05m 2"
"665","2","BE","05m","8/9/17","2017",10,10,0,0,0,0,"2","2BE05m","2BE","2BE05m 2"
"666","2","BE","05m","8/9/17","2017",10,7,0,3,0.3,0,"2","2BE05m","2BE","2BE05m 2"
"667","2","BE","05m","8/9/17","2017",10,5,0,5,0.5,0,"2","2BE05m","2BE","2BE05m 2"
"668","2","BE","20m","8/9/17","2017",10,9,0,1,0.1,0,"2","2BE20m","2BE","2BE20m 2"
"669","2","BE","20m","8/9/17","2017",10,7,0,3,0.3,0,"2","2BE20m","2BE","2BE20m 2"
"670","2","BE","20m","8/9/17","2017",10,8,0,2,0.2,0,"2","2BE20m","2BE","2BE20m 2"
"671","2","BE","20m","8/9/17","2017",10,6,0,4,0.4,0,"2","2BE20m","2BE","2BE20m 2"
"672","2","BF","00m","8/9/17","2017",10,9,0,1,0.1,0,"2","2BF00m","2BF","2BF00m 2"
"673","2","BF","00m","8/9/17","2017",10,7,0,3,0.3,0,"2","2BF00m","2BF","2BF00m 2"
"674","2","BF","00m","8/9/17","2017",10,7,0,3,0.3,0,"2","2BF00m","2BF","2BF00m 2"
"675","2","BF","00m","8/9/17","2017",10,7,0,3,0.3,0,"2","2BF00m","2BF","2BF00m 2"
"676","2","BF","05m","8/9/17","2017",10,8,0,2,0.2,0,"2","2BF05m","2BF","2BF05m 2"
"677","2","BF","05m","8/9/17","2017",10,7,0,3,0.3,0,"2","2BF05m","2BF","2BF05m 2"
"678","2","BF","05m","8/9/17","2017",10,8,0,2,0.2,0,"2","2BF05m","2BF","2BF05m 2"
"679","2","BF","05m","8/9/17","2017",10,8,0,2,0.2,0,"2","2BF05m","2BF","2BF05m 2"
"680","2","BF","20m","8/9/17","2017",10,8,0,2,0.2,0,"2","2BF20m","2BF","2BF20m 2"
"681","2","BF","20m","8/9/17","2017",10,9,0,1,0.1,0,"2","2BF20m","2BF","2BF20m 2"
"682","2","BF","20m","8/9/17","2017",10,10,0,0,0,0,"2","2BF20m","2BF","2BF20m 2"
"683","2","BF","20m","8/9/17","2017",10,10,0,0,0,0,"2","2BF20m","2BF","2BF20m 2"
"756","6","BE","00m","8/9/17","2017",10,8,0,2,0.2,0,"2","6BE00m","6BE","6BE00m 2"
"757","6","BE","00m","8/9/17","2017",10,5,0,5,0.5,0,"2","6BE00m","6BE","6BE00m 2"
"758","6","BE","00m","8/9/17","2017",10,10,0,0,0,0,"2","6BE00m","6BE","6BE00m 2"
"759","6","BE","00m","8/9/17","2017",10,9,0,1,0.1,0,"2","6BE00m","6BE","6BE00m 2"
"760","6","BE","05m","8/9/17","2017",10,10,0,0,0,0,"2","6BE05m","6BE","6BE05m 2"
"761","6","BE","05m","8/9/17","2017",10,9,0,1,0.1,0,"2","6BE05m","6BE","6BE05m 2"
"762","6","BE","05m","8/9/17","2017",10,9,0,1,0.1,0,"2","6BE05m","6BE","6BE05m 2"
"763","6","BE","05m","8/9/17","2017",10,9,0,1,0.1,0,"2","6BE05m","6BE","6BE05m 2"
"764","6","BE","20m","8/9/17","2017",10,8,0,2,0.2,0,"2","6BE20m","6BE","6BE20m 2"
"765","6","BE","20m","8/9/17","2017",10,6,0,4,0.4,0,"2","6BE20m","6BE","6BE20m 2"
"766","6","BE","20m","8/9/17","2017",10,9,0,1,0.1,0,"2","6BE20m","6BE","6BE20m 2"
"767","6","BE","20m","8/9/17","2017",10,7,0,3,0.3,0,"2","6BE20m","6BE","6BE20m 2"
"768","6","BF","00m","8/9/17","2017",10,9,0,1,0.1,0,"2","6BF00m","6BF","6BF00m 2"
"769","6","BF","00m","8/9/17","2017",10,8,0,2,0.2,0,"2","6BF00m","6BF","6BF00m 2"
"770","6","BF","00m","8/9/17","2017",10,10,0,0,0,0,"2","6BF00m","6BF","6BF00m 2"
"771","6","BF","00m","8/9/17","2017",10,0,0,10,1,0,"2","6BF00m","6BF","6BF00m 2"
"772","6","BF","05m","8/9/17","2017",10,9,0,1,0.1,0,"2","6BF05m","6BF","6BF05m 2"
"773","6","BF","05m","8/9/17","2017",10,10,0,0,0,0,"2","6BF05m","6BF","6BF05m 2"
"774","6","BF","05m","8/9/17","2017",10,10,0,0,0,0,"2","6BF05m","6BF","6BF05m 2"
"775","6","BF","05m","8/9/17","2017",10,8,0,2,0.2,0,"2","6BF05m","6BF","6BF05m 2"
"776","6","BF","20m","8/9/17","2017",10,8,0,2,0.2,0,"2","6BF20m","6BF","6BF20m 2"
"777","6","BF","20m","8/9/17","2017",10,7,0,3,0.3,0,"2","6BF20m","6BF","6BF20m 2"
"778","6","BF","20m","8/9/17","2017",10,0,0,10,1,0,"2","6BF20m","6BF","6BF20m 2"
"779","6","BF","20m","8/9/17","2017",10,0,0,10,1,0,"2","6BF20m","6BF","6BF20m 2"
"780","7","BE","00m","8/9/17","2017",10,8,0,2,0.2,0,"2","7BE00m","7BE","7BE00m 2"
"781","7","BE","00m","8/9/17","2017",10,8,0,2,0.2,0,"2","7BE00m","7BE","7BE00m 2"
"782","7","BE","00m","8/9/17","2017",10,10,0,0,0,0,"2","7BE00m","7BE","7BE00m 2"
"783","7","BE","00m","8/9/17","2017",10,10,0,0,0,0,"2","7BE00m","7BE","7BE00m 2"
"784","7","BE","05m","8/9/17","2017",10,10,0,0,0,0,"2","7BE05m","7BE","7BE05m 2"
"785","7","BE","05m","8/9/17","2017",10,10,0,0,0,0,"2","7BE05m","7BE","7BE05m 2"
"786","7","BE","05m","8/9/17","2017",10,7,0,3,0.3,0,"2","7BE05m","7BE","7BE05m 2"
"787","7","BE","05m","8/9/17","2017",10,1,0,9,0.9,0,"2","7BE05m","7BE","7BE05m 2"
"788","7","BE","20m","8/9/17","2017",10,6,0,4,0.4,0,"2","7BE20m","7BE","7BE20m 2"
"789","7","BE","20m","8/9/17","2017",10,8,0,2,0.2,0,"2","7BE20m","7BE","7BE20m 2"
"790","7","BE","20m","8/9/17","2017",10,4,0,6,0.6,0,"2","7BE20m","7BE","7BE20m 2"
"791","7","BE","20m","8/9/17","2017",10,8,0,2,0.2,0,"2","7BE20m","7BE","7BE20m 2"
"792","7","BF","00m","8/9/17","2017",10,9,0,1,0.1,0,"2","7BF00m","7BF","7BF00m 2"
"793","7","BF","00m","8/9/17","2017",10,7,0,3,0.3,0,"2","7BF00m","7BF","7BF00m 2"
"794","7","BF","00m","8/9/17","2017",10,7,0,3,0.3,0,"2","7BF00m","7BF","7BF00m 2"
"795","7","BF","00m","8/9/17","2017",10,3,0,7,0.7,0,"2","7BF00m","7BF","7BF00m 2"
"796","7","BF","05m","8/9/17","2017",10,0,0,10,1,0,"2","7BF05m","7BF","7BF05m 2"
"797","7","BF","05m","8/9/17","2017",10,0,0,10,1,0,"2","7BF05m","7BF","7BF05m 2"
"798","7","BF","05m","8/9/17","2017",10,0,0,10,1,0,"2","7BF05m","7BF","7BF05m 2"
"799","7","BF","05m","8/9/17","2017",10,10,0,0,0,0,"2","7BF05m","7BF","7BF05m 2"
"800","7","BF","20m","8/9/17","2017",10,9,0,1,0.1,0,"2","7BF20m","7BF","7BF20m 2"
"801","7","BF","20m","8/9/17","2017",10,0,0,10,1,0,"2","7BF20m","7BF","7BF20m 2"
"802","7","BF","20m","8/9/17","2017",10,9,0,1,0.1,0,"2","7BF20m","7BF","7BF20m 2"
"803","7","BF","20m","8/9/17","2017",10,9,0,1,0.1,0,"2","7BF20m","7BF","7BF20m 2"
"804","8","BE","00m","8/9/17","2017",10,9,0,1,0.1,0,"2","8BE00m","8BE","8BE00m 2"
"805","8","BE","00m","8/9/17","2017",10,9,0,1,0.1,0,"2","8BE00m","8BE","8BE00m 2"
"806","8","BE","00m","8/9/17","2017",10,9,0,1,0.1,0,"2","8BE00m","8BE","8BE00m 2"
"807","8","BE","00m","8/9/17","2017",10,6,0,4,0.4,0,"2","8BE00m","8BE","8BE00m 2"
"808","8","BE","05m","8/9/17","2017",10,9,0,1,0.1,0,"2","8BE05m","8BE","8BE05m 2"
"809","8","BE","05m","8/9/17","2017",10,7,0,3,0.3,0,"2","8BE05m","8BE","8BE05m 2"
"810","8","BE","05m","8/9/17","2017",10,10,0,0,0,0,"2","8BE05m","8BE","8BE05m 2"
"811","8","BE","05m","8/9/17","2017",10,6,0,4,0.4,0,"2","8BE05m","8BE","8BE05m 2"
"812","8","BE","20m","8/9/17","2017",10,7,0,3,0.3,0,"2","8BE20m","8BE","8BE20m 2"
"813","8","BE","20m","8/9/17","2017",10,8,0,2,0.2,0,"2","8BE20m","8BE","8BE20m 2"
"814","8","BE","20m","8/9/17","2017",10,6,0,4,0.4,0,"2","8BE20m","8BE","8BE20m 2"
"815","8","BE","20m","8/9/17","2017",10,10,0,0,0,0,"2","8BE20m","8BE","8BE20m 2"
"816","8","BF","00m","8/9/17","2017",10,8,0,2,0.2,0,"2","8BF00m","8BF","8BF00m 2"
"817","8","BF","00m","8/9/17","2017",10,10,0,0,0,0,"2","8BF00m","8BF","8BF00m 2"
"818","8","BF","00m","8/9/17","2017",10,9,0,1,0.1,0,"2","8BF00m","8BF","8BF00m 2"
"819","8","BF","00m","8/9/17","2017",10,8,0,2,0.2,0,"2","8BF00m","8BF","8BF00m 2"
"820","8","BF","05m","8/9/17","2017",10,9,0,1,0.1,0,"2","8BF05m","8BF","8BF05m 2"
"821","8","BF","05m","8/9/17","2017",10,10,0,0,0,0,"2","8BF05m","8BF","8BF05m 2"
"822","8","BF","05m","8/9/17","2017",10,9,0,1,0.1,0,"2","8BF05m","8BF","8BF05m 2"
"823","8","BF","05m","8/9/17","2017",10,6,0,4,0.4,0,"2","8BF05m","8BF","8BF05m 2"
"824","8","BF","20m","8/9/17","2017",10,10,0,0,0,0,"2","8BF20m","8BF","8BF20m 2"
"825","8","BF","20m","8/9/17","2017",10,9,0,1,0.1,0,"2","8BF20m","8BF","8BF20m 2"
"826","8","BF","20m","8/9/17","2017",10,9,0,1,0.1,0,"2","8BF20m","8BF","8BF20m 2"
"827","8","BF","20m","8/9/17","2017",10,7,0,3,0.3,0,"2","8BF20m","8BF","8BF20m 2"
"828","2","BE","00m","11/9/17","2017",10,10,0,0,0,0,"2","2BE00m","2BE","2BE00m 2"
"829","2","BE","00m","11/9/17","2017",10,10,0,0,0,0,"2","2BE00m","2BE","2BE00m 2"
"830","2","BE","00m","11/9/17","2017",10,10,0,0,0,0,"2","2BE00m","2BE","2BE00m 2"
"831","2","BE","00m","11/9/17","2017",10,8,0,2,0.2,0,"2","2BE00m","2BE","2BE00m 2"
"832","2","BE","05m","11/9/17","2017",10,10,0,0,0,0,"2","2BE05m","2BE","2BE05m 2"
"833","2","BE","05m","11/9/17","2017",10,10,0,0,0,0,"2","2BE05m","2BE","2BE05m 2"
"834","2","BE","05m","11/9/17","2017",10,9,0,1,0.1,0,"2","2BE05m","2BE","2BE05m 2"
"835","2","BE","05m","11/9/17","2017",10,8,0,2,0.2,0,"2","2BE05m","2BE","2BE05m 2"
"836","2","BE","20m","11/9/17","2017",10,10,0,0,0,0,"2","2BE20m","2BE","2BE20m 2"
"837","2","BE","20m","11/9/17","2017",10,8,0,2,0.2,0,"2","2BE20m","2BE","2BE20m 2"
"838","2","BE","20m","11/9/17","2017",10,10,0,0,0,0,"2","2BE20m","2BE","2BE20m 2"
"839","2","BE","20m","11/9/17","2017",10,6,0,4,0.4,0,"2","2BE20m","2BE","2BE20m 2"
"840","2","BF","00m","11/9/17","2017",10,7,0,3,0.3,0,"2","2BF00m","2BF","2BF00m 2"
"841","2","BF","00m","11/9/17","2017",10,10,0,0,0,0,"2","2BF00m","2BF","2BF00m 2"
"842","2","BF","00m","11/9/17","2017",10,10,0,0,0,0,"2","2BF00m","2BF","2BF00m 2"
"843","2","BF","00m","11/9/17","2017",10,8,0,2,0.2,0,"2","2BF00m","2BF","2BF00m 2"
"844","2","BF","05m","11/9/17","2017",10,7,0,3,0.3,0,"2","2BF05m","2BF","2BF05m 2"
"845","2","BF","05m","11/9/17","2017",10,6,0,4,0.4,0,"2","2BF05m","2BF","2BF05m 2"
"846","2","BF","05m","11/9/17","2017",10,7,0,3,0.3,0,"2","2BF05m","2BF","2BF05m 2"
"847","2","BF","05m","11/9/17","2017",10,9,0,1,0.1,0,"2","2BF05m","2BF","2BF05m 2"
"848","2","BF","20m","11/9/17","2017",10,10,0,0,0,0,"2","2BF20m","2BF","2BF20m 2"
"849","2","BF","20m","11/9/17","2017",10,10,0,0,0,0,"2","2BF20m","2BF","2BF20m 2"
"850","2","BF","20m","11/9/17","2017",10,6,0,4,0.4,0,"2","2BF20m","2BF","2BF20m 2"
"851","2","BF","20m","11/9/17","2017",10,10,0,0,0,0,"2","2BF20m","2BF","2BF20m 2"
"924","6","BE","00m","11/9/17","2017",10,8,0,2,0.2,0,"2","6BE00m","6BE","6BE00m 2"
"925","6","BE","00m","11/9/17","2017",10,10,0,0,0,0,"2","6BE00m","6BE","6BE00m 2"
"926","6","BE","00m","11/9/17","2017",10,10,0,0,0,0,"2","6BE00m","6BE","6BE00m 2"
"927","6","BE","00m","11/9/17","2017",10,8,0,2,0.2,0,"2","6BE00m","6BE","6BE00m 2"
"928","6","BE","05m","11/9/17","2017",10,8,0,2,0.2,0,"2","6BE05m","6BE","6BE05m 2"
"929","6","BE","05m","11/9/17","2017",10,9,0,1,0.1,0,"2","6BE05m","6BE","6BE05m 2"
"930","6","BE","05m","11/9/17","2017",10,7,0,3,0.3,0,"2","6BE05m","6BE","6BE05m 2"
"931","6","BE","05m","11/9/17","2017",10,8,0,2,0.2,0,"2","6BE05m","6BE","6BE05m 2"
"932","6","BE","20m","11/9/17","2017",10,2,0,8,0.8,0,"2","6BE20m","6BE","6BE20m 2"
"933","6","BE","20m","11/9/17","2017",10,9,0,1,0.1,0,"2","6BE20m","6BE","6BE20m 2"
"934","6","BE","20m","11/9/17","2017",10,9,0,1,0.1,0,"2","6BE20m","6BE","6BE20m 2"
"935","6","BE","20m","11/9/17","2017",10,4,0,6,0.6,0,"2","6BE20m","6BE","6BE20m 2"
"936","6","BF","00m","11/9/17","2017",10,8,0,2,0.2,0,"2","6BF00m","6BF","6BF00m 2"
"937","6","BF","00m","11/9/17","2017",10,10,0,0,0,0,"2","6BF00m","6BF","6BF00m 2"
"938","6","BF","00m","11/9/17","2017",10,7,0,3,0.3,0,"2","6BF00m","6BF","6BF00m 2"
"939","6","BF","00m","11/9/17","2017",10,7,0,3,0.3,0,"2","6BF00m","6BF","6BF00m 2"
"940","6","BF","05m","11/9/17","2017",10,6,0,4,0.4,0,"2","6BF05m","6BF","6BF05m 2"
"941","6","BF","05m","11/9/17","2017",10,8,0,2,0.2,0,"2","6BF05m","6BF","6BF05m 2"
"942","6","BF","05m","11/9/17","2017",10,8,0,2,0.2,0,"2","6BF05m","6BF","6BF05m 2"
"943","6","BF","20m","11/9/17","2017",10,10,0,0,0,0,"2","6BF20m","6BF","6BF20m 2"
"944","6","BF","20m","11/9/17","2017",10,5,0,5,0.5,0,"2","6BF20m","6BF","6BF20m 2"
"945","6","BF","20m","11/9/17","2017",10,9,0,1,0.1,0,"2","6BF20m","6BF","6BF20m 2"
"946","6","BF","20m","11/9/17","2017",10,1,0,9,0.9,0,"2","6BF20m","6BF","6BF20m 2"
"947","7","BE","00m","11/9/17","2017",10,9,0,1,0.1,0,"2","7BE00m","7BE","7BE00m 2"
"948","7","BE","00m","11/9/17","2017",10,8,0,2,0.2,0,"2","7BE00m","7BE","7BE00m 2"
"949","7","BE","00m","11/9/17","2017",10,6,0,4,0.4,0,"2","7BE00m","7BE","7BE00m 2"
"950","7","BE","00m","11/9/17","2017",10,10,0,0,0,0,"2","7BE00m","7BE","7BE00m 2"
"951","7","BE","05m","11/9/17","2017",10,5,0,5,0.5,0,"2","7BE05m","7BE","7BE05m 2"
"952","7","BE","05m","11/9/17","2017",10,9,0,1,0.1,0,"2","7BE05m","7BE","7BE05m 2"
"953","7","BE","05m","11/9/17","2017",10,9,0,1,0.1,0,"2","7BE05m","7BE","7BE05m 2"
"954","7","BE","05m","11/9/17","2017",10,0,0,10,1,0,"2","7BE05m","7BE","7BE05m 2"
"955","7","BE","20m","11/9/17","2017",10,7,0,3,0.3,0,"2","7BE20m","7BE","7BE20m 2"
"956","7","BE","20m","11/9/17","2017",10,9,0,1,0.1,0,"2","7BE20m","7BE","7BE20m 2"
"957","7","BE","20m","11/9/17","2017",10,7,0,3,0.3,0,"2","7BE20m","7BE","7BE20m 2"
"958","7","BE","20m","11/9/17","2017",10,8,0,2,0.2,0,"2","7BE20m","7BE","7BE20m 2"
"959","7","BF","00m","11/9/17","2017",10,7,0,3,0.3,0,"2","7BF00m","7BF","7BF00m 2"
"960","7","BF","00m","11/9/17","2017",10,10,0,0,0,0,"2","7BF00m","7BF","7BF00m 2"
"961","7","BF","00m","11/9/17","2017",10,9,0,1,0.1,0,"2","7BF00m","7BF","7BF00m 2"
"962","7","BF","05m","11/9/17","2017",10,8,0,2,0.2,0,"2","7BF05m","7BF","7BF05m 2"
"963","7","BF","05m","11/9/17","2017",10,8,0,2,0.2,0,"2","7BF05m","7BF","7BF05m 2"
"964","7","BF","05m","11/9/17","2017",10,10,0,0,0,0,"2","7BF05m","7BF","7BF05m 2"
"965","7","BF","05m","11/9/17","2017",10,10,0,0,0,0,"2","7BF05m","7BF","7BF05m 2"
"966","7","BF","20m","11/9/17","2017",10,0,0,10,1,0,"2","7BF20m","7BF","7BF20m 2"
"967","7","BF","20m","11/9/17","2017",10,0,0,10,1,0,"2","7BF20m","7BF","7BF20m 2"
"968","7","BF","20m","11/9/17","2017",10,0,0,10,1,0,"2","7BF20m","7BF","7BF20m 2"
"969","7","BF","20m","11/9/17","2017",10,7,0,3,0.3,0,"2","7BF20m","7BF","7BF20m 2"
"970","8","BE","00m","11/9/17","2017",10,7,0,3,0.3,0,"2","8BE00m","8BE","8BE00m 2"
"971","8","BE","00m","11/9/17","2017",10,8,0,2,0.2,0,"2","8BE00m","8BE","8BE00m 2"
"972","8","BE","00m","11/9/17","2017",10,9,0,1,0.1,0,"2","8BE00m","8BE","8BE00m 2"
"973","8","BE","00m","11/9/17","2017",10,8,0,2,0.2,0,"2","8BE00m","8BE","8BE00m 2"
"974","8","BE","05m","11/9/17","2017",10,8,0,2,0.2,0,"2","8BE05m","8BE","8BE05m 2"
"975","8","BE","05m","11/9/17","2017",10,8,0,2,0.2,0,"2","8BE05m","8BE","8BE05m 2"
"976","8","BE","05m","11/9/17","2017",10,9,0,1,0.1,0,"2","8BE05m","8BE","8BE05m 2"
"977","8","BE","05m","11/9/17","2017",10,0,0,10,1,0,"2","8BE05m","8BE","8BE05m 2"
"978","8","BE","20m","11/9/17","2017",10,9,0,1,0.1,0,"2","8BE20m","8BE","8BE20m 2"
"979","8","BE","20m","11/9/17","2017",10,9,0,1,0.1,0,"2","8BE20m","8BE","8BE20m 2"
"980","8","BE","20m","11/9/17","2017",10,9,0,1,0.1,0,"2","8BE20m","8BE","8BE20m 2"
"981","8","BE","20m","11/9/17","2017",10,10,0,0,0,0,"2","8BE20m","8BE","8BE20m 2"
"982","8","BF","00m","11/9/17","2017",10,10,0,0,0,0,"2","8BF00m","8BF","8BF00m 2"
"983","8","BF","00m","11/9/17","2017",10,9,0,1,0.1,0,"2","8BF00m","8BF","8BF00m 2"
"984","8","BF","00m","11/9/17","2017",10,10,0,0,0,0,"2","8BF00m","8BF","8BF00m 2"
"985","8","BF","00m","11/9/17","2017",10,9,0,1,0.1,0,"2","8BF00m","8BF","8BF00m 2"
"986","8","BF","05m","11/9/17","2017",10,10,0,0,0,0,"2","8BF05m","8BF","8BF05m 2"
"987","8","BF","05m","11/9/17","2017",10,10,0,0,0,0,"2","8BF05m","8BF","8BF05m 2"
"988","8","BF","05m","11/9/17","2017",10,8,0,2,0.2,0,"2","8BF05m","8BF","8BF05m 2"
"989","8","BF","05m","11/9/17","2017",10,10,0,0,0,0,"2","8BF05m","8BF","8BF05m 2"
"990","8","BF","20m","11/9/17","2017",10,7,0,3,0.3,0,"2","8BF20m","8BF","8BF20m 2"
"991","8","BF","20m","11/9/17","2017",10,6,0,4,0.4,0,"2","8BF20m","8BF","8BF20m 2"
"992","8","BF","20m","11/9/17","2017",10,9,0,1,0.1,0,"2","8BF20m","8BF","8BF20m 2"
"993","8","BF","20m","11/9/17","2017",10,8,0,2,0.2,0,"2","8BF20m","8BF","8BF20m 2"
"1018","2","BE","00m","9/7/18","2018",10,8,0,2,0.2,0,"1","2BE00m","2BE","2BE00m 1"
"1019","2","BE","00m","9/7/18","2018",10,8,0,2,0.2,0,"1","2BE00m","2BE","2BE00m 1"
"1020","2","BE","00m","9/7/18","2018",10,5,0,5,0.5,0,"1","2BE00m","2BE","2BE00m 1"
"1021","2","BE","00m","9/7/18","2018",10,7,0,3,0.3,0,"1","2BE00m","2BE","2BE00m 1"
"1022","2","BE","05m","9/7/18","2018",10,7,0,3,0.3,0,"1","2BE05m","2BE","2BE05m 1"
"1023","2","BE","05m","9/7/18","2018",10,8,0,2,0.2,0,"1","2BE05m","2BE","2BE05m 1"
"1024","2","BE","05m","9/7/18","2018",10,7,0,3,0.3,0,"1","2BE05m","2BE","2BE05m 1"
"1025","2","BE","05m","9/7/18","2018",10,9,0,1,0.1,0,"1","2BE05m","2BE","2BE05m 1"
"1026","2","BE","20m","9/7/18","2018",10,9,0,1,0.1,0,"1","2BE20m","2BE","2BE20m 1"
"1027","2","BE","20m","9/7/18","2018",10,10,0,0,0,0,"1","2BE20m","2BE","2BE20m 1"
"1028","2","BE","20m","9/7/18","2018",10,9,0,1,0.1,0,"1","2BE20m","2BE","2BE20m 1"
"1029","2","BE","20m","9/7/18","2018",10,7,0,3,0.3,0,"1","2BE20m","2BE","2BE20m 1"
"1030","2","BF","00m","9/7/18","2018",10,5,0,5,0.5,0,"1","2BF00m","2BF","2BF00m 1"
"1031","2","BF","00m","9/7/18","2018",10,9,0,1,0.1,0,"1","2BF00m","2BF","2BF00m 1"
"1032","2","BF","00m","9/7/18","2018",10,1,0,9,0.9,0,"1","2BF00m","2BF","2BF00m 1"
"1033","2","BF","00m","9/7/18","2018",10,9,0,1,0.1,0,"1","2BF00m","2BF","2BF00m 1"
"1034","2","BF","05m","9/7/18","2018",10,8,0,2,0.2,0,"1","2BF05m","2BF","2BF05m 1"
"1035","2","BF","05m","9/7/18","2018",10,9,0,1,0.1,0,"1","2BF05m","2BF","2BF05m 1"
"1036","2","BF","05m","9/7/18","2018",10,6,0,4,0.4,0,"1","2BF05m","2BF","2BF05m 1"
"1037","2","BF","05m","9/7/18","2018",10,6,0,4,0.4,0,"1","2BF05m","2BF","2BF05m 1"
"1038","2","BF","20m","9/7/18","2018",10,8,0,2,0.2,0,"1","2BF20m","2BF","2BF20m 1"
"1039","2","BF","20m","9/7/18","2018",10,8,0,2,0.2,0,"1","2BF20m","2BF","2BF20m 1"
"1040","2","BF","20m","9/7/18","2018",10,6,0,4,0.4,0,"1","2BF20m","2BF","2BF20m 1"
"1041","2","BF","20m","9/7/18","2018",10,3,0,7,0.7,0,"1","2BF20m","2BF","2BF20m 1"
"1042","6","BE","00m","9/7/18","2018",10,7,0,3,0.3,0,"1","6BE00m","6BE","6BE00m 1"
"1043","6","BE","00m","9/7/18","2018",10,1,0,9,0.9,0,"1","6BE00m","6BE","6BE00m 1"
"1044","6","BE","00m","9/7/18","2018",10,6,0,4,0.4,0,"1","6BE00m","6BE","6BE00m 1"
"1045","6","BE","00m","9/7/18","2018",10,4,0,6,0.6,0,"1","6BE00m","6BE","6BE00m 1"
"1046","6","BE","05m","9/7/18","2018",10,6,0,4,0.4,0,"1","6BE05m","6BE","6BE05m 1"
"1047","6","BE","05m","9/7/18","2018",10,6,0,4,0.4,0,"1","6BE05m","6BE","6BE05m 1"
"1048","6","BE","05m","9/7/18","2018",10,8,0,2,0.2,0,"1","6BE05m","6BE","6BE05m 1"
"1049","6","BE","05m","9/7/18","2018",10,7,0,3,0.3,0,"1","6BE05m","6BE","6BE05m 1"
"1050","6","BE","20m","9/7/18","2018",10,9,0,1,0.1,0,"1","6BE20m","6BE","6BE20m 1"
"1051","6","BE","20m","9/7/18","2018",10,6,0,4,0.4,0,"1","6BE20m","6BE","6BE20m 1"
"1052","6","BE","20m","9/7/18","2018",10,0,0,10,1,0,"1","6BE20m","6BE","6BE20m 1"
"1053","6","BE","20m","9/7/18","2018",10,6,0,4,0.4,0,"1","6BE20m","6BE","6BE20m 1"
"1054","6","BF","00m","9/7/18","2018",10,9,0,1,0.1,0,"1","6BF00m","6BF","6BF00m 1"
"1055","6","BF","00m","9/7/18","2018",10,6,0,4,0.4,0,"1","6BF00m","6BF","6BF00m 1"
"1056","6","BF","00m","9/7/18","2018",10,6,0,4,0.4,0,"1","6BF00m","6BF","6BF00m 1"
"1057","6","BF","00m","9/7/18","2018",10,9,0,1,0.1,0,"1","6BF00m","6BF","6BF00m 1"
"1058","6","BF","05m","9/7/18","2018",10,9,0,1,0.1,0,"1","6BF05m","6BF","6BF05m 1"
"1059","6","BF","05m","9/7/18","2018",10,9,0,1,0.1,0,"1","6BF05m","6BF","6BF05m 1"
"1060","6","BF","05m","9/7/18","2018",10,8,0,2,0.2,0,"1","6BF05m","6BF","6BF05m 1"
"1061","6","BF","05m","9/7/18","2018",10,7,0,3,0.3,0,"1","6BF05m","6BF","6BF05m 1"
"1062","6","BF","20m","9/7/18","2018",10,8,0,2,0.2,0,"1","6BF20m","6BF","6BF20m 1"
"1063","6","BF","20m","9/7/18","2018",10,3,0,7,0.7,0,"1","6BF20m","6BF","6BF20m 1"
"1064","6","BF","20m","9/7/18","2018",10,0,0,10,1,0,"1","6BF20m","6BF","6BF20m 1"
"1065","6","BF","20m","9/7/18","2018",10,9,0,1,0.1,0,"1","6BF20m","6BF","6BF20m 1"
"1066","7","BE","00m","9/7/18","2018",10,0,0,10,1,0,"1","7BE00m","7BE","7BE00m 1"
"1067","7","BE","00m","9/7/18","2018",10,5,0,5,0.5,0,"1","7BE00m","7BE","7BE00m 1"
"1068","7","BE","00m","9/7/18","2018",10,8,0,2,0.2,0,"1","7BE00m","7BE","7BE00m 1"
"1069","7","BE","00m","9/7/18","2018",10,0,0,10,1,0,"1","7BE00m","7BE","7BE00m 1"
"1070","7","BE","05m","9/7/18","2018",10,9,0,1,0.1,0,"1","7BE05m","7BE","7BE05m 1"
"1071","7","BE","05m","9/7/18","2018",10,7,0,3,0.3,0,"1","7BE05m","7BE","7BE05m 1"
"1072","7","BE","05m","9/7/18","2018",10,8,0,2,0.2,0,"1","7BE05m","7BE","7BE05m 1"
"1073","7","BE","05m","9/7/18","2018",10,7,0,3,0.3,0,"1","7BE05m","7BE","7BE05m 1"
"1074","7","BE","20m","9/7/18","2018",10,0,0,10,1,0,"1","7BE20m","7BE","7BE20m 1"
"1075","7","BE","20m","9/7/18","2018",10,8,0,2,0.2,0,"1","7BE20m","7BE","7BE20m 1"
"1076","7","BE","20m","9/7/18","2018",10,8,0,2,0.2,0,"1","7BE20m","7BE","7BE20m 1"
"1077","7","BE","20m","9/7/18","2018",10,5,0,5,0.5,0,"1","7BE20m","7BE","7BE20m 1"
"1078","7","BF","00m","9/7/18","2018",10,0,0,10,1,0,"1","7BF00m","7BF","7BF00m 1"
"1079","7","BF","00m","9/7/18","2018",10,8,0,2,0.2,0,"1","7BF00m","7BF","7BF00m 1"
"1080","7","BF","00m","9/7/18","2018",10,9,0,1,0.1,0,"1","7BF00m","7BF","7BF00m 1"
"1081","7","BF","00m","9/7/18","2018",10,7,0,3,0.3,0,"1","7BF00m","7BF","7BF00m 1"
"1082","7","BF","05m","9/7/18","2018",10,8,0,2,0.2,0,"1","7BF05m","7BF","7BF05m 1"
"1083","7","BF","05m","9/7/18","2018",10,7,0,3,0.3,0,"1","7BF05m","7BF","7BF05m 1"
"1084","7","BF","05m","9/7/18","2018",10,9,0,1,0.1,0,"1","7BF05m","7BF","7BF05m 1"
"1085","7","BF","05m","9/7/18","2018",10,0,0,10,1,0,"1","7BF05m","7BF","7BF05m 1"
"1086","7","BF","20m","9/7/18","2018",10,6,0,4,0.4,0,"1","7BF20m","7BF","7BF20m 1"
"1087","7","BF","20m","9/7/18","2018",10,0,0,10,1,0,"1","7BF20m","7BF","7BF20m 1"
"1088","7","BF","20m","9/7/18","2018",10,7,0,3,0.3,0,"1","7BF20m","7BF","7BF20m 1"
"1089","7","BF","20m","9/7/18","2018",10,6,0,4,0.4,0,"1","7BF20m","7BF","7BF20m 1"
"1090","8","BE","00m","9/7/18","2018",10,9,0,1,0.1,0,"1","8BE00m","8BE","8BE00m 1"
"1091","8","BE","00m","9/7/18","2018",10,8,0,2,0.2,0,"1","8BE00m","8BE","8BE00m 1"
"1092","8","BE","00m","9/7/18","2018",10,9,0,1,0.1,0,"1","8BE00m","8BE","8BE00m 1"
"1093","8","BE","00m","9/7/18","2018",10,6,0,4,0.4,0,"1","8BE00m","8BE","8BE00m 1"
"1094","8","BE","05m","9/7/18","2018",10,7,0,3,0.3,0,"1","8BE05m","8BE","8BE05m 1"
"1095","8","BE","05m","9/7/18","2018",10,9,0,1,0.1,0,"1","8BE05m","8BE","8BE05m 1"
"1096","8","BE","05m","9/7/18","2018",10,8,0,2,0.2,0,"1","8BE05m","8BE","8BE05m 1"
"1097","8","BE","05m","9/7/18","2018",10,10,0,0,0,0,"1","8BE05m","8BE","8BE05m 1"
"1098","8","BE","20m","9/7/18","2018",10,8,0,2,0.2,0,"1","8BE20m","8BE","8BE20m 1"
"1099","8","BE","20m","9/7/18","2018",10,7,0,3,0.3,0,"1","8BE20m","8BE","8BE20m 1"
"1100","8","BE","20m","9/7/18","2018",10,8,0,2,0.2,0,"1","8BE20m","8BE","8BE20m 1"
"1101","8","BE","20m","9/7/18","2018",10,9,0,1,0.1,0,"1","8BE20m","8BE","8BE20m 1"
"1102","8","BF","00m","9/7/18","2018",10,8,0,2,0.2,0,"1","8BF00m","8BF","8BF00m 1"
"1103","8","BF","00m","9/7/18","2018",10,9,0,1,0.1,0,"1","8BF00m","8BF","8BF00m 1"
"1104","8","BF","00m","9/7/18","2018",10,8,0,2,0.2,0,"1","8BF00m","8BF","8BF00m 1"
"1105","8","BF","00m","9/7/18","2018",10,8,0,2,0.2,0,"1","8BF00m","8BF","8BF00m 1"
"1106","8","BF","05m","9/7/18","2018",10,5,0,5,0.5,0,"1","8BF05m","8BF","8BF05m 1"
"1107","8","BF","05m","9/7/18","2018",10,8,0,2,0.2,0,"1","8BF05m","8BF","8BF05m 1"
"1108","8","BF","05m","9/7/18","2018",10,8,0,2,0.2,0,"1","8BF05m","8BF","8BF05m 1"
"1109","8","BF","05m","9/7/18","2018",10,6,0,4,0.4,0,"1","8BF05m","8BF","8BF05m 1"
"1110","8","BF","20m","9/7/18","2018",10,10,0,0,0,0,"1","8BF20m","8BF","8BF20m 1"
"1111","8","BF","20m","9/7/18","2018",10,8,0,2,0.2,0,"1","8BF20m","8BF","8BF20m 1"
"1112","8","BF","20m","9/7/18","2018",10,6,0,4,0.4,0,"1","8BF20m","8BF","8BF20m 1"
"1113","8","BF","20m","9/7/18","2018",10,9,0,1,0.1,0,"1","8BF20m","8BF","8BF20m 1"
"1258","2","BE","00m","16/7/18","2018",10,4,0,6,0.6,0,"1","2BE00m","2BE","2BE00m 1"
"1259","2","BE","00m","16/7/18","2018",10,10,0,0,0,0,"1","2BE00m","2BE","2BE00m 1"
"1260","2","BE","00m","16/7/18","2018",10,9,0,1,0.1,0,"1","2BE00m","2BE","2BE00m 1"
"1261","2","BE","00m","16/7/18","2018",10,7,0,3,0.3,0,"1","2BE00m","2BE","2BE00m 1"
"1262","2","BE","05m","16/7/18","2018",10,6,0,4,0.4,0,"1","2BE05m","2BE","2BE05m 1"
"1263","2","BE","05m","16/7/18","2018",10,0,0,10,1,0,"1","2BE05m","2BE","2BE05m 1"
"1264","2","BE","05m","16/7/18","2018",10,8,0,2,0.2,0,"1","2BE05m","2BE","2BE05m 1"
"1265","2","BE","05m","16/7/18","2018",10,6,0,4,0.4,0,"1","2BE05m","2BE","2BE05m 1"
"1266","2","BE","20m","16/7/18","2018",10,8,0,2,0.2,0,"1","2BE20m","2BE","2BE20m 1"
"1267","2","BE","20m","16/7/18","2018",10,5,0,5,0.5,0,"1","2BE20m","2BE","2BE20m 1"
"1268","2","BE","20m","16/7/18","2018",10,8,0,2,0.2,0,"1","2BE20m","2BE","2BE20m 1"
"1269","2","BE","20m","16/7/18","2018",10,5,0,5,0.5,0,"1","2BE20m","2BE","2BE20m 1"
"1270","2","BF","00m","16/7/18","2018",10,8,0,2,0.2,0,"1","2BF00m","2BF","2BF00m 1"
"1271","2","BF","00m","16/7/18","2018",10,3,0,7,0.7,0,"1","2BF00m","2BF","2BF00m 1"
"1272","2","BF","00m","16/7/18","2018",10,1,0,9,0.9,0,"1","2BF00m","2BF","2BF00m 1"
"1273","2","BF","00m","16/7/18","2018",10,8,0,2,0.2,0,"1","2BF00m","2BF","2BF00m 1"
"1274","2","BF","05m","16/7/18","2018",10,8,0,2,0.2,0,"1","2BF05m","2BF","2BF05m 1"
"1275","2","BF","05m","16/7/18","2018",10,9,0,1,0.1,0,"1","2BF05m","2BF","2BF05m 1"
"1276","2","BF","05m","16/7/18","2018",10,3,0,7,0.7,0,"1","2BF05m","2BF","2BF05m 1"
"1277","2","BF","05m","16/7/18","2018",10,7,0,3,0.3,0,"1","2BF05m","2BF","2BF05m 1"
"1278","2","BF","20m","16/7/18","2018",10,0,0,10,1,0,"1","2BF20m","2BF","2BF20m 1"
"1279","2","BF","20m","16/7/18","2018",10,3,0,7,0.7,0,"1","2BF20m","2BF","2BF20m 1"
"1280","2","BF","20m","16/7/18","2018",10,5,0,5,0.5,0,"1","2BF20m","2BF","2BF20m 1"
"1281","2","BF","20m","16/7/18","2018",10,7,0,3,0.3,0,"1","2BF20m","2BF","2BF20m 1"
"1282","7","BE","00m","16/7/18","2018",10,1,0,9,0.9,0,"1","7BE00m","7BE","7BE00m 1"
"1283","7","BE","00m","16/7/18","2018",10,5,0,5,0.5,0,"1","7BE00m","7BE","7BE00m 1"
"1284","7","BE","00m","16/7/18","2018",10,7,0,3,0.3,0,"1","7BE00m","7BE","7BE00m 1"
"1285","7","BE","00m","16/7/18","2018",10,10,0,0,0,0,"1","7BE00m","7BE","7BE00m 1"
"1286","7","BE","05m","16/7/18","2018",10,6,0,4,0.4,0,"1","7BE05m","7BE","7BE05m 1"
"1287","7","BE","05m","16/7/18","2018",10,7,0,3,0.3,0,"1","7BE05m","7BE","7BE05m 1"
"1288","7","BE","05m","16/7/18","2018",10,8,0,2,0.2,0,"1","7BE05m","7BE","7BE05m 1"
"1289","7","BE","05m","16/7/18","2018",10,5,0,5,0.5,0,"1","7BE05m","7BE","7BE05m 1"
"1290","7","BE","20m","16/7/18","2018",10,7,0,3,0.3,0,"1","7BE20m","7BE","7BE20m 1"
"1291","7","BE","20m","16/7/18","2018",10,8,0,2,0.2,0,"1","7BE20m","7BE","7BE20m 1"
"1292","7","BE","20m","16/7/18","2018",10,9,0,1,0.1,0,"1","7BE20m","7BE","7BE20m 1"
"1293","7","BE","20m","16/7/18","2018",10,8,0,2,0.2,0,"1","7BE20m","7BE","7BE20m 1"
"1294","7","BF","00m","16/7/18","2018",10,5,0,5,0.5,0,"1","7BF00m","7BF","7BF00m 1"
"1295","7","BF","00m","16/7/18","2018",10,9,0,1,0.1,0,"1","7BF00m","7BF","7BF00m 1"
"1296","7","BF","00m","16/7/18","2018",10,3,0,7,0.7,0,"1","7BF00m","7BF","7BF00m 1"
"1297","7","BF","00m","16/7/18","2018",10,9,0,1,0.1,0,"1","7BF00m","7BF","7BF00m 1"
"1298","7","BF","05m","16/7/18","2018",10,5,0,5,0.5,0,"1","7BF05m","7BF","7BF05m 1"
"1299","7","BF","05m","16/7/18","2018",10,8,0,2,0.2,0,"1","7BF05m","7BF","7BF05m 1"
"1300","7","BF","05m","16/7/18","2018",10,9,0,1,0.1,0,"1","7BF05m","7BF","7BF05m 1"
"1301","7","BF","05m","16/7/18","2018",10,0,0,10,1,0,"1","7BF05m","7BF","7BF05m 1"
"1302","7","BF","20m","16/7/18","2018",10,5,0,5,0.5,0,"1","7BF20m","7BF","7BF20m 1"
"1303","7","BF","20m","16/7/18","2018",10,0,0,10,1,0,"1","7BF20m","7BF","7BF20m 1"
"1304","7","BF","20m","16/7/18","2018",10,0,0,10,1,0,"1","7BF20m","7BF","7BF20m 1"
"1305","7","BF","20m","16/7/18","2018",10,9,0,1,0.1,0,"1","7BF20m","7BF","7BF20m 1"
"1306","8","BE","00m","16/7/18","2018",10,7,0,3,0.3,0,"1","8BE00m","8BE","8BE00m 1"
"1307","8","BE","00m","16/7/18","2018",10,5,0,5,0.5,0,"1","8BE00m","8BE","8BE00m 1"
"1308","8","BE","00m","16/7/18","2018",10,7,0,3,0.3,0,"1","8BE00m","8BE","8BE00m 1"
"1309","8","BE","00m","16/7/18","2018",10,8,0,2,0.2,0,"1","8BE00m","8BE","8BE00m 1"
"1310","8","BE","05m","16/7/18","2018",10,8,0,2,0.2,0,"1","8BE05m","8BE","8BE05m 1"
"1311","8","BE","05m","16/7/18","2018",10,1,0,9,0.9,0,"1","8BE05m","8BE","8BE05m 1"
"1312","8","BE","05m","16/7/18","2018",10,10,0,0,0,0,"1","8BE05m","8BE","8BE05m 1"
"1313","8","BE","05m","16/7/18","2018",10,4,0,6,0.6,0,"1","8BE05m","8BE","8BE05m 1"
"1314","8","BE","20m","16/7/18","2018",10,10,0,0,0,0,"1","8BE20m","8BE","8BE20m 1"
"1315","8","BE","20m","16/7/18","2018",10,9,0,1,0.1,0,"1","8BE20m","8BE","8BE20m 1"
"1316","8","BE","20m","16/7/18","2018",10,10,0,0,0,0,"1","8BE20m","8BE","8BE20m 1"
"1317","8","BE","20m","16/7/18","2018",10,5,0,5,0.5,0,"1","8BE20m","8BE","8BE20m 1"
"1318","8","BF","00m","16/7/18","2018",10,10,0,0,0,0,"1","8BF00m","8BF","8BF00m 1"
"1319","8","BF","00m","16/7/18","2018",10,9,0,1,0.1,0,"1","8BF00m","8BF","8BF00m 1"
"1320","8","BF","00m","16/7/18","2018",10,7,0,3,0.3,0,"1","8BF00m","8BF","8BF00m 1"
"1321","8","BF","00m","16/7/18","2018",10,9,0,1,0.1,0,"1","8BF00m","8BF","8BF00m 1"
"1322","8","BF","05m","16/7/18","2018",10,4,0,6,0.6,0,"1","8BF05m","8BF","8BF05m 1"
"1323","8","BF","05m","16/7/18","2018",10,7,0,3,0.3,0,"1","8BF05m","8BF","8BF05m 1"
"1324","8","BF","05m","16/7/18","2018",10,8,0,2,0.2,0,"1","8BF05m","8BF","8BF05m 1"
"1325","8","BF","05m","16/7/18","2018",10,7,0,3,0.3,0,"1","8BF05m","8BF","8BF05m 1"
"1326","8","BF","20m","16/7/18","2018",10,9,0,1,0.1,0,"1","8BF20m","8BF","8BF20m 1"
"1327","8","BF","20m","16/7/18","2018",10,7,0,3,0.3,0,"1","8BF20m","8BF","8BF20m 1"
"1328","8","BF","20m","16/7/18","2018",10,8,0,2,0.2,0,"1","8BF20m","8BF","8BF20m 1"
"1329","8","BF","20m","16/7/18","2018",10,6,0,4,0.4,0,"1","8BF20m","8BF","8BF20m 1"
"1426","2","BE","00m","27/8/18","2018",10,9,0,1,0.1,0,"2","2BE00m","2BE","2BE00m 2"
"1427","2","BE","00m","27/8/18","2018",10,8,0,2,0.2,0,"2","2BE00m","2BE","2BE00m 2"
"1428","2","BE","00m","27/8/18","2018",10,7,0,3,0.3,0,"2","2BE00m","2BE","2BE00m 2"
"1429","2","BE","00m","27/8/18","2018",10,6,0,4,0.4,0,"2","2BE00m","2BE","2BE00m 2"
"1430","2","BE","05m","27/8/18","2018",10,8,0,2,0.2,0,"2","2BE05m","2BE","2BE05m 2"
"1431","2","BE","05m","27/8/18","2018",10,9,0,1,0.1,0,"2","2BE05m","2BE","2BE05m 2"
"1432","2","BE","05m","27/8/18","2018",10,8,0,2,0.2,0,"2","2BE05m","2BE","2BE05m 2"
"1433","2","BE","05m","27/8/18","2018",10,10,0,0,0,0,"2","2BE05m","2BE","2BE05m 2"
"1434","2","BE","20m","27/8/18","2018",10,10,0,0,0,0,"2","2BE20m","2BE","2BE20m 2"
"1435","2","BE","20m","27/8/18","2018",10,9,0,1,0.1,0,"2","2BE20m","2BE","2BE20m 2"
"1436","2","BE","20m","27/8/18","2018",10,8,0,2,0.2,0,"2","2BE20m","2BE","2BE20m 2"
"1437","2","BE","20m","27/8/18","2018",10,10,0,0,0,0,"2","2BE20m","2BE","2BE20m 2"
"1438","2","BF","00m","27/8/18","2018",10,0,0,10,1,0,"2","2BF00m","2BF","2BF00m 2"
"1439","2","BF","00m","27/8/18","2018",10,7,0,3,0.3,0,"2","2BF00m","2BF","2BF00m 2"
"1440","2","BF","00m","27/8/18","2018",10,8,0,2,0.2,0,"2","2BF00m","2BF","2BF00m 2"
"1441","2","BF","00m","27/8/18","2018",10,9,0,1,0.1,0,"2","2BF00m","2BF","2BF00m 2"
"1442","2","BF","05m","27/8/18","2018",10,7,0,3,0.3,0,"2","2BF05m","2BF","2BF05m 2"
"1443","2","BF","05m","27/8/18","2018",10,10,0,0,0,0,"2","2BF05m","2BF","2BF05m 2"
"1444","2","BF","05m","27/8/18","2018",10,0,0,10,1,0,"2","2BF05m","2BF","2BF05m 2"
"1445","2","BF","05m","27/8/18","2018",10,7,0,3,0.3,0,"2","2BF05m","2BF","2BF05m 2"
"1446","2","BF","20m","27/8/18","2018",10,6,0,4,0.4,0,"2","2BF20m","2BF","2BF20m 2"
"1447","2","BF","20m","27/8/18","2018",10,10,0,0,0,0,"2","2BF20m","2BF","2BF20m 2"
"1448","2","BF","20m","27/8/18","2018",10,7,0,3,0.3,0,"2","2BF20m","2BF","2BF20m 2"
"1449","2","BF","20m","27/8/18","2018",10,10,0,0,0,0,"2","2BF20m","2BF","2BF20m 2"
"1450","6","BE","00m","27/8/18","2018",10,10,0,0,0,0,"2","6BE00m","6BE","6BE00m 2"
"1451","6","BE","00m","27/8/18","2018",10,10,0,0,0,0,"2","6BE00m","6BE","6BE00m 2"
"1452","6","BE","00m","27/8/18","2018",10,10,0,0,0,0,"2","6BE00m","6BE","6BE00m 2"
"1453","6","BE","00m","27/8/18","2018",10,10,0,0,0,0,"2","6BE00m","6BE","6BE00m 2"
"1454","6","BE","05m","27/8/18","2018",10,8,0,2,0.2,0,"2","6BE05m","6BE","6BE05m 2"
"1455","6","BE","05m","27/8/18","2018",10,10,0,0,0,0,"2","6BE05m","6BE","6BE05m 2"
"1456","6","BE","05m","27/8/18","2018",10,8,0,2,0.2,0,"2","6BE05m","6BE","6BE05m 2"
"1457","6","BE","05m","27/8/18","2018",10,8,0,2,0.2,0,"2","6BE05m","6BE","6BE05m 2"
"1458","6","BE","20m","27/8/18","2018",10,10,0,0,0,0,"2","6BE20m","6BE","6BE20m 2"
"1459","6","BE","20m","27/8/18","2018",10,9,0,1,0.1,0,"2","6BE20m","6BE","6BE20m 2"
"1460","6","BE","20m","27/8/18","2018",10,10,0,0,0,0,"2","6BE20m","6BE","6BE20m 2"
"1461","6","BE","20m","27/8/18","2018",10,8,0,2,0.2,0,"2","6BE20m","6BE","6BE20m 2"
"1462","6","BF","00m","27/8/18","2018",10,10,0,0,0,0,"2","6BF00m","6BF","6BF00m 2"
"1463","6","BF","00m","27/8/18","2018",10,10,0,0,0,0,"2","6BF00m","6BF","6BF00m 2"
"1464","6","BF","00m","27/8/18","2018",10,9,0,1,0.1,0,"2","6BF00m","6BF","6BF00m 2"
"1465","6","BF","00m","27/8/18","2018",10,10,0,0,0,0,"2","6BF00m","6BF","6BF00m 2"
"1466","6","BF","05m","27/8/18","2018",10,10,0,0,0,0,"2","6BF05m","6BF","6BF05m 2"
"1467","6","BF","05m","27/8/18","2018",10,10,0,0,0,0,"2","6BF05m","6BF","6BF05m 2"
"1468","6","BF","05m","27/8/18","2018",10,8,0,2,0.2,0,"2","6BF05m","6BF","6BF05m 2"
"1469","6","BF","05m","27/8/18","2018",10,10,0,0,0,0,"2","6BF05m","6BF","6BF05m 2"
"1470","6","BF","20m","27/8/18","2018",10,8,0,2,0.2,0,"2","6BF20m","6BF","6BF20m 2"
"1471","6","BF","20m","27/8/18","2018",10,8,0,2,0.2,0,"2","6BF20m","6BF","6BF20m 2"
"1472","6","BF","20m","27/8/18","2018",10,10,0,0,0,0,"2","6BF20m","6BF","6BF20m 2"
"1473","6","BF","20m","27/8/18","2018",10,10,0,0,0,0,"2","6BF20m","6BF","6BF20m 2"
"1474","7","BE","00m","27/8/18","2018",10,7,0,3,0.3,0,"2","7BE00m","7BE","7BE00m 2"
"1475","7","BE","00m","27/8/18","2018",10,8,0,2,0.2,0,"2","7BE00m","7BE","7BE00m 2"
"1476","7","BE","00m","27/8/18","2018",10,10,0,0,0,0,"2","7BE00m","7BE","7BE00m 2"
"1477","7","BE","00m","27/8/18","2018",10,9,0,1,0.1,0,"2","7BE00m","7BE","7BE00m 2"
"1478","7","BE","05m","27/8/18","2018",10,8,0,2,0.2,0,"2","7BE05m","7BE","7BE05m 2"
"1479","7","BE","05m","27/8/18","2018",10,9,0,1,0.1,0,"2","7BE05m","7BE","7BE05m 2"
"1480","7","BE","05m","27/8/18","2018",10,10,0,0,0,0,"2","7BE05m","7BE","7BE05m 2"
"1481","7","BE","05m","27/8/18","2018",10,8,0,2,0.2,0,"2","7BE05m","7BE","7BE05m 2"
"1482","7","BE","20m","27/8/18","2018",10,6,0,4,0.4,0,"2","7BE20m","7BE","7BE20m 2"
"1483","7","BE","20m","27/8/18","2018",10,9,0,1,0.1,0,"2","7BE20m","7BE","7BE20m 2"
"1484","7","BE","20m","27/8/18","2018",10,10,0,0,0,0,"2","7BE20m","7BE","7BE20m 2"
"1485","7","BE","20m","27/8/18","2018",10,8,0,2,0.2,0,"2","7BE20m","7BE","7BE20m 2"
"1486","7","BF","00m","27/8/18","2018",10,10,0,0,0,0,"2","7BF00m","7BF","7BF00m 2"
"1487","7","BF","00m","27/8/18","2018",10,8,0,2,0.2,0,"2","7BF00m","7BF","7BF00m 2"
"1488","7","BF","00m","27/8/18","2018",10,10,0,0,0,0,"2","7BF00m","7BF","7BF00m 2"
"1489","7","BF","00m","27/8/18","2018",10,10,0,0,0,0,"2","7BF00m","7BF","7BF00m 2"
"1490","7","BF","05m","27/8/18","2018",10,8,0,2,0.2,0,"2","7BF05m","7BF","7BF05m 2"
"1491","7","BF","05m","27/8/18","2018",10,0,0,10,1,0,"2","7BF05m","7BF","7BF05m 2"
"1492","7","BF","05m","27/8/18","2018",10,9,0,1,0.1,0,"2","7BF05m","7BF","7BF05m 2"
"1493","7","BF","05m","27/8/18","2018",10,9,0,1,0.1,0,"2","7BF05m","7BF","7BF05m 2"
"1494","7","BF","20m","27/8/18","2018",10,9,0,1,0.1,0,"2","7BF20m","7BF","7BF20m 2"
"1495","7","BF","20m","27/8/18","2018",10,8,0,2,0.2,0,"2","7BF20m","7BF","7BF20m 2"
"1496","7","BF","20m","27/8/18","2018",10,9,0,1,0.1,0,"2","7BF20m","7BF","7BF20m 2"
"1497","7","BF","20m","27/8/18","2018",10,9,0,1,0.1,0,"2","7BF20m","7BF","7BF20m 2"
"1498","8","BE","00m","27/8/18","2018",10,10,0,0,0,0,"2","8BE00m","8BE","8BE00m 2"
"1499","8","BE","00m","27/8/18","2018",10,0,0,10,1,0,"2","8BE00m","8BE","8BE00m 2"
"1500","8","BE","00m","27/8/18","2018",10,8,0,2,0.2,0,"2","8BE00m","8BE","8BE00m 2"
"1501","8","BE","00m","27/8/18","2018",10,10,0,0,0,0,"2","8BE00m","8BE","8BE00m 2"
"1502","8","BE","05m","27/8/18","2018",10,9,0,1,0.1,0,"2","8BE05m","8BE","8BE05m 2"
"1503","8","BE","05m","27/8/18","2018",10,1,0,9,0.9,0,"2","8BE05m","8BE","8BE05m 2"
"1504","8","BE","05m","27/8/18","2018",10,8,0,2,0.2,0,"2","8BE05m","8BE","8BE05m 2"
"1505","8","BE","05m","27/8/18","2018",10,10,0,0,0,0,"2","8BE05m","8BE","8BE05m 2"
"1506","8","BE","20m","27/8/18","2018",10,10,0,0,0,0,"2","8BE20m","8BE","8BE20m 2"
"1507","8","BE","20m","27/8/18","2018",10,7,0,3,0.3,0,"2","8BE20m","8BE","8BE20m 2"
"1508","8","BE","20m","27/8/18","2018",10,9,0,1,0.1,0,"2","8BE20m","8BE","8BE20m 2"
"1509","8","BE","20m","27/8/18","2018",10,10,0,0,0,0,"2","8BE20m","8BE","8BE20m 2"
"1510","8","BF","00m","27/8/18","2018",10,9,0,1,0.1,0,"2","8BF00m","8BF","8BF00m 2"
"1511","8","BF","00m","27/8/18","2018",10,9,0,1,0.1,0,"2","8BF00m","8BF","8BF00m 2"
"1512","8","BF","00m","27/8/18","2018",10,8,0,2,0.2,0,"2","8BF00m","8BF","8BF00m 2"
"1513","8","BF","00m","27/8/18","2018",10,10,0,0,0,0,"2","8BF00m","8BF","8BF00m 2"
"1514","8","BF","05m","27/8/18","2018",10,9,0,1,0.1,0,"2","8BF05m","8BF","8BF05m 2"
"1515","8","BF","05m","27/8/18","2018",10,9,0,1,0.1,0,"2","8BF05m","8BF","8BF05m 2"
"1516","8","BF","05m","27/8/18","2018",10,7,0,3,0.3,0,"2","8BF05m","8BF","8BF05m 2"
"1517","8","BF","05m","27/8/18","2018",10,9,0,1,0.1,0,"2","8BF05m","8BF","8BF05m 2"
"1518","8","BF","20m","27/8/18","2018",10,10,0,0,0,0,"2","8BF20m","8BF","8BF20m 2"
"1519","8","BF","20m","27/8/18","2018",10,6,0,4,0.4,0,"2","8BF20m","8BF","8BF20m 2"
"1520","8","BF","20m","27/8/18","2018",10,9,0,1,0.1,0,"2","8BF20m","8BF","8BF20m 2"
"1521","8","BF","20m","27/8/18","2018",10,10,0,0,0,0,"2","8BF20m","8BF","8BF20m 2"
"1642","2","BE","00m","30/8/18","2018",10,10,0,0,0,0,"2","2BE00m","2BE","2BE00m 2"
"1643","2","BE","00m","30/8/18","2018",10,8,0,2,0.2,0,"2","2BE00m","2BE","2BE00m 2"
"1644","2","BE","00m","30/8/18","2018",10,8,0,2,0.2,0,"2","2BE00m","2BE","2BE00m 2"
"1645","2","BE","00m","30/8/18","2018",10,9,0,1,0.1,0,"2","2BE00m","2BE","2BE00m 2"
"1646","2","BE","05m","30/8/18","2018",10,8,0,2,0.2,0,"2","2BE05m","2BE","2BE05m 2"
"1647","2","BE","05m","30/8/18","2018",10,3,0,7,0.7,0,"2","2BE05m","2BE","2BE05m 2"
"1648","2","BE","05m","30/8/18","2018",10,7,0,3,0.3,0,"2","2BE05m","2BE","2BE05m 2"
"1649","2","BE","05m","30/8/18","2018",10,6,0,4,0.4,0,"2","2BE05m","2BE","2BE05m 2"
"1650","2","BE","20m","30/8/18","2018",10,6,0,4,0.4,0,"2","2BE20m","2BE","2BE20m 2"
"1651","2","BE","20m","30/8/18","2018",10,9,0,1,0.1,0,"2","2BE20m","2BE","2BE20m 2"
"1652","2","BE","20m","30/8/18","2018",10,9,0,1,0.1,0,"2","2BE20m","2BE","2BE20m 2"
"1653","2","BE","20m","30/8/18","2018",10,6,0,4,0.4,0,"2","2BE20m","2BE","2BE20m 2"
"1654","2","BF","00m","30/8/18","2018",10,4,0,6,0.6,0,"2","2BF00m","2BF","2BF00m 2"
"1655","2","BF","00m","30/8/18","2018",10,8,0,2,0.2,0,"2","2BF00m","2BF","2BF00m 2"
"1656","2","BF","00m","30/8/18","2018",10,6,0,4,0.4,0,"2","2BF00m","2BF","2BF00m 2"
"1657","2","BF","00m","30/8/18","2018",10,5,0,5,0.5,0,"2","2BF00m","2BF","2BF00m 2"
"1658","2","BF","05m","30/8/18","2018",10,8,0,2,0.2,0,"2","2BF05m","2BF","2BF05m 2"
"1659","2","BF","05m","30/8/18","2018",10,6,0,4,0.4,0,"2","2BF05m","2BF","2BF05m 2"
"1660","2","BF","05m","30/8/18","2018",10,7,0,3,0.3,0,"2","2BF05m","2BF","2BF05m 2"
"1661","2","BF","05m","30/8/18","2018",10,7,0,3,0.3,0,"2","2BF05m","2BF","2BF05m 2"
"1662","2","BF","20m","30/8/18","2018",10,7,0,3,0.3,0,"2","2BF20m","2BF","2BF20m 2"
"1663","2","BF","20m","30/8/18","2018",10,8,0,2,0.2,0,"2","2BF20m","2BF","2BF20m 2"
"1664","2","BF","20m","30/8/18","2018",10,10,0,0,0,0,"2","2BF20m","2BF","2BF20m 2"
"1665","2","BF","20m","30/8/18","2018",10,4,0,6,0.6,0,"2","2BF20m","2BF","2BF20m 2"
"1666","6","BE","00m","30/8/18","2018",NA,NA,NA,NA,NA,NA,"2","6BE00m","6BE","6BE00m 2"
"1667","6","BE","00m","30/8/18","2018",10,8,0,2,0.2,0,"2","6BE00m","6BE","6BE00m 2"
"1668","6","BE","00m","30/8/18","2018",10,9,0,1,0.1,0,"2","6BE00m","6BE","6BE00m 2"
"1669","6","BE","00m","30/8/18","2018",10,4,0,6,0.6,0,"2","6BE00m","6BE","6BE00m 2"
"1670","6","BE","05m","30/8/18","2018",10,6,0,4,0.4,0,"2","6BE05m","6BE","6BE05m 2"
"1671","6","BE","05m","30/8/18","2018",10,3,0,7,0.7,0,"2","6BE05m","6BE","6BE05m 2"
"1672","6","BE","05m","30/8/18","2018",10,4,0,6,0.6,0,"2","6BE05m","6BE","6BE05m 2"
"1673","6","BE","05m","30/8/18","2018",10,7,0,3,0.3,0,"2","6BE05m","6BE","6BE05m 2"
"1674","6","BE","20m","30/8/18","2018",10,7,0,3,0.3,0,"2","6BE20m","6BE","6BE20m 2"
"1675","6","BE","20m","30/8/18","2018",10,7,0,3,0.3,0,"2","6BE20m","6BE","6BE20m 2"
"1676","6","BE","20m","30/8/18","2018",10,10,0,0,0,0,"2","6BE20m","6BE","6BE20m 2"
"1677","6","BE","20m","30/8/18","2018",10,5,0,5,0.5,0,"2","6BE20m","6BE","6BE20m 2"
"1678","6","BF","00m","30/8/18","2018",10,7,0,3,0.3,0,"2","6BF00m","6BF","6BF00m 2"
"1679","6","BF","00m","30/8/18","2018",10,6,0,4,0.4,0,"2","6BF00m","6BF","6BF00m 2"
"1680","6","BF","00m","30/8/18","2018",10,6,0,4,0.4,0,"2","6BF00m","6BF","6BF00m 2"
"1681","6","BF","00m","30/8/18","2018",10,10,0,0,0,0,"2","6BF00m","6BF","6BF00m 2"
"1682","6","BF","05m","30/8/18","2018",10,7,0,3,0.3,0,"2","6BF05m","6BF","6BF05m 2"
"1683","6","BF","05m","30/8/18","2018",10,8,0,2,0.2,0,"2","6BF05m","6BF","6BF05m 2"
"1684","6","BF","05m","30/8/18","2018",10,2,0,8,0.8,0,"2","6BF05m","6BF","6BF05m 2"
"1685","6","BF","05m","30/8/18","2018",10,5,0,5,0.5,0,"2","6BF05m","6BF","6BF05m 2"
"1686","6","BF","20m","30/8/18","2018",10,9,0,1,0.1,0,"2","6BF20m","6BF","6BF20m 2"
"1687","6","BF","20m","30/8/18","2018",10,10,0,0,0,0,"2","6BF20m","6BF","6BF20m 2"
"1688","6","BF","20m","30/8/18","2018",10,7,0,3,0.3,0,"2","6BF20m","6BF","6BF20m 2"
"1689","6","BF","20m","30/8/18","2018",10,6,0,4,0.4,0,"2","6BF20m","6BF","6BF20m 2"
"1690","7","BE","00m","30/8/18","2018",10,8,0,2,0.2,0,"2","7BE00m","7BE","7BE00m 2"
"1691","7","BE","00m","30/8/18","2018",10,7,0,3,0.3,0,"2","7BE00m","7BE","7BE00m 2"
"1692","7","BE","00m","30/8/18","2018",10,6,0,4,0.4,0,"2","7BE00m","7BE","7BE00m 2"
"1693","7","BE","00m","30/8/18","2018",10,9,0,1,0.1,0,"2","7BE00m","7BE","7BE00m 2"
"1694","7","BE","05m","30/8/18","2018",10,3,0,7,0.7,0,"2","7BE05m","7BE","7BE05m 2"
"1695","7","BE","05m","30/8/18","2018",10,7,0,3,0.3,0,"2","7BE05m","7BE","7BE05m 2"
"1696","7","BE","05m","30/8/18","2018",10,5,0,5,0.5,0,"2","7BE05m","7BE","7BE05m 2"
"1697","7","BE","05m","30/8/18","2018",10,8,0,2,0.2,0,"2","7BE05m","7BE","7BE05m 2"
"1698","7","BE","20m","30/8/18","2018",10,5,0,5,0.5,0,"2","7BE20m","7BE","7BE20m 2"
"1699","7","BE","20m","30/8/18","2018",10,8,0,2,0.2,0,"2","7BE20m","7BE","7BE20m 2"
"1700","7","BE","20m","30/8/18","2018",10,7,0,3,0.3,0,"2","7BE20m","7BE","7BE20m 2"
"1701","7","BE","20m","30/8/18","2018",10,2,0,8,0.8,0,"2","7BE20m","7BE","7BE20m 2"
"1702","7","BF","00m","30/8/18","2018",10,7,0,3,0.3,0,"2","7BF00m","7BF","7BF00m 2"
"1703","7","BF","00m","30/8/18","2018",10,8,0,2,0.2,0,"2","7BF00m","7BF","7BF00m 2"
"1704","7","BF","00m","30/8/18","2018",10,7,0,3,0.3,0,"2","7BF00m","7BF","7BF00m 2"
"1705","7","BF","00m","30/8/18","2018",10,7,0,3,0.3,0,"2","7BF00m","7BF","7BF00m 2"
"1706","7","BF","05m","30/8/18","2018",10,6,0,4,0.4,0,"2","7BF05m","7BF","7BF05m 2"
"1707","7","BF","05m","30/8/18","2018",10,9,0,1,0.1,0,"2","7BF05m","7BF","7BF05m 2"
"1708","7","BF","05m","30/8/18","2018",10,5,0,5,0.5,0,"2","7BF05m","7BF","7BF05m 2"
"1709","7","BF","05m","30/8/18","2018",10,6,0,4,0.4,0,"2","7BF05m","7BF","7BF05m 2"
"1710","7","BF","20m","30/8/18","2018",10,3,0,7,0.7,0,"2","7BF20m","7BF","7BF20m 2"
"1711","7","BF","20m","30/8/18","2018",10,6,0,4,0.4,0,"2","7BF20m","7BF","7BF20m 2"
"1712","7","BF","20m","30/8/18","2018",10,6,0,4,0.4,0,"2","7BF20m","7BF","7BF20m 2"
"1713","7","BF","20m","30/8/18","2018",10,7,0,3,0.3,0,"2","7BF20m","7BF","7BF20m 2"
"1714","8","BE","00m","30/8/18","2018",10,9,0,1,0.1,0,"2","8BE00m","8BE","8BE00m 2"
"1715","8","BE","00m","30/8/18","2018",10,9,0,1,0.1,0,"2","8BE00m","8BE","8BE00m 2"
"1716","8","BE","00m","30/8/18","2018",10,10,0,0,0,0,"2","8BE00m","8BE","8BE00m 2"
"1717","8","BE","00m","30/8/18","2018",10,10,0,0,0,0,"2","8BE00m","8BE","8BE00m 2"
"1718","8","BE","05m","30/8/18","2018",10,7,0,3,0.3,0,"2","8BE05m","8BE","8BE05m 2"
"1719","8","BE","05m","30/8/18","2018",10,9,0,1,0.1,0,"2","8BE05m","8BE","8BE05m 2"
"1720","8","BE","05m","30/8/18","2018",10,8,0,2,0.2,0,"2","8BE05m","8BE","8BE05m 2"
"1721","8","BE","05m","30/8/18","2018",10,9,0,1,0.1,0,"2","8BE05m","8BE","8BE05m 2"
"1722","8","BE","20m","30/8/18","2018",10,7,0,3,0.3,0,"2","8BE20m","8BE","8BE20m 2"
"1723","8","BE","20m","30/8/18","2018",10,9,0,1,0.1,0,"2","8BE20m","8BE","8BE20m 2"
"1724","8","BE","20m","30/8/18","2018",10,5,0,5,0.5,0,"2","8BE20m","8BE","8BE20m 2"
"1725","8","BE","20m","30/8/18","2018",10,9,0,1,0.1,0,"2","8BE20m","8BE","8BE20m 2"
"1726","8","BF","00m","30/8/18","2018",10,6,0,4,0.4,0,"2","8BF00m","8BF","8BF00m 2"
"1727","8","BF","00m","30/8/18","2018",10,7,0,3,0.3,0,"2","8BF00m","8BF","8BF00m 2"
"1728","8","BF","00m","30/8/18","2018",10,6,0,4,0.4,0,"2","8BF00m","8BF","8BF00m 2"
"1729","8","BF","00m","30/8/18","2018",10,6,0,4,0.4,0,"2","8BF00m","8BF","8BF00m 2"
"1730","8","BF","05m","30/8/18","2018",10,8,0,2,0.2,0,"2","8BF05m","8BF","8BF05m 2"
"1731","8","BF","05m","30/8/18","2018",10,6,0,4,0.4,0,"2","8BF05m","8BF","8BF05m 2"
"1732","8","BF","05m","30/8/18","2018",10,5,0,5,0.5,0,"2","8BF05m","8BF","8BF05m 2"
"1733","8","BF","05m","30/8/18","2018",10,8,0,2,0.2,0,"2","8BF05m","8BF","8BF05m 2"
"1734","8","BF","20m","30/8/18","2018",10,6,0,4,0.4,0,"2","8BF20m","8BF","8BF20m 2"
"1735","8","BF","20m","30/8/18","2018",10,9,0,1,0.1,0,"2","8BF20m","8BF","8BF20m 2"
"1736","8","BF","20m","30/8/18","2018",10,7,0,3,0.3,0,"2","8BF20m","8BF","8BF20m 2"
"1737","8","BF","20m","30/8/18","2018",10,6,0,4,0.4,0,"2","8BF20m","8BF","8BF20m 2"
"1852","2","BE","00m","24/9/18","2018",10,7,0,3,0.3,0,"3","2BE00m","2BE","2BE00m 3"
"1853","2","BE","00m","24/9/18","2018",10,6,0,4,0.4,0,"3","2BE00m","2BE","2BE00m 3"
"1854","2","BE","00m","24/9/18","2018",10,7,0,3,0.3,0,"3","2BE00m","2BE","2BE00m 3"
"1855","2","BE","05m","24/9/18","2018",10,8,0,2,0.2,0,"3","2BE05m","2BE","2BE05m 3"
"1856","2","BE","05m","24/9/18","2018",10,6,0,4,0.4,0,"3","2BE05m","2BE","2BE05m 3"
"1857","2","BE","05m","24/9/18","2018",10,9,0,1,0.1,0,"3","2BE05m","2BE","2BE05m 3"
"1858","2","BE","20m","24/9/18","2018",10,6,0,4,0.4,0,"3","2BE20m","2BE","2BE20m 3"
"1859","2","BE","20m","24/9/18","2018",10,8,0,2,0.2,0,"3","2BE20m","2BE","2BE20m 3"
"1860","2","BE","20m","24/9/18","2018",10,8,0,2,0.2,0,"3","2BE20m","2BE","2BE20m 3"
"1861","2","BF","00m","24/9/18","2018",10,3,0,7,0.7,0,"3","2BF00m","2BF","2BF00m 3"
"1862","2","BF","00m","24/9/18","2018",10,6,0,4,0.4,0,"3","2BF00m","2BF","2BF00m 3"
"1863","2","BF","00m","24/9/18","2018",10,9,0,1,0.1,0,"3","2BF00m","2BF","2BF00m 3"
"1864","2","BF","05m","24/9/18","2018",10,7,0,3,0.3,0,"3","2BF05m","2BF","2BF05m 3"
"1865","2","BF","05m","24/9/18","2018",10,7,0,3,0.3,0,"3","2BF05m","2BF","2BF05m 3"
"1866","2","BF","05m","24/9/18","2018",10,8,0,2,0.2,0,"3","2BF05m","2BF","2BF05m 3"
"1867","2","BF","20m","24/9/18","2018",10,8,2,0,0,0.2,"3","2BF20m","2BF","2BF20m 3"
"1868","2","BF","20m","24/9/18","2018",10,9,0,1,0.1,0,"3","2BF20m","2BF","2BF20m 3"
"1869","2","BF","20m","24/9/18","2018",10,5,0,5,0.5,0,"3","2BF20m","2BF","2BF20m 3"
"1870","6","BE","00m","24/9/18","2018",10,4,0,6,0.6,0,"3","6BE00m","6BE","6BE00m 3"
"1871","6","BE","00m","24/9/18","2018",10,4,0,6,0.6,0,"3","6BE00m","6BE","6BE00m 3"
"1872","6","BE","00m","24/9/18","2018",10,8,0,2,0.2,0,"3","6BE00m","6BE","6BE00m 3"
"1873","6","BE","05m","24/9/18","2018",10,9,0,1,0.1,0,"3","6BE05m","6BE","6BE05m 3"
"1874","6","BE","05m","24/9/18","2018",10,6,0,4,0.4,0,"3","6BE05m","6BE","6BE05m 3"
"1875","6","BE","05m","24/9/18","2018",10,8,0,2,0.2,0,"3","6BE05m","6BE","6BE05m 3"
"1876","6","BE","20m","24/9/18","2018",10,9,0,1,0.1,0,"3","6BE20m","6BE","6BE20m 3"
"1877","6","BE","20m","24/9/18","2018",10,9,0,1,0.1,0,"3","6BE20m","6BE","6BE20m 3"
"1878","6","BE","20m","24/9/18","2018",10,9,0,1,0.1,0,"3","6BE20m","6BE","6BE20m 3"
"1879","6","BF","00m","24/9/18","2018",10,8,0,2,0.2,0,"3","6BF00m","6BF","6BF00m 3"
"1880","6","BF","00m","24/9/18","2018",10,8,0,2,0.2,0,"3","6BF00m","6BF","6BF00m 3"
"1881","6","BF","00m","24/9/18","2018",10,9,0,1,0.1,0,"3","6BF00m","6BF","6BF00m 3"
"1882","6","BF","05m","24/9/18","2018",10,10,0,0,0,0,"3","6BF05m","6BF","6BF05m 3"
"1883","6","BF","05m","24/9/18","2018",10,10,0,0,0,0,"3","6BF05m","6BF","6BF05m 3"
"1884","6","BF","05m","24/9/18","2018",10,10,0,0,0,0,"3","6BF05m","6BF","6BF05m 3"
"1885","6","BF","20m","24/9/18","2018",10,10,0,0,0,0,"3","6BF20m","6BF","6BF20m 3"
"1886","6","BF","20m","24/9/18","2018",10,10,0,0,0,0,"3","6BF20m","6BF","6BF20m 3"
"1887","6","BF","20m","24/9/18","2018",10,10,0,0,0,0,"3","6BF20m","6BF","6BF20m 3"
"1888","7","BE","00m","24/9/18","2018",10,5,0,5,0.5,0,"3","7BE00m","7BE","7BE00m 3"
"1889","7","BE","00m","24/9/18","2018",10,8,0,2,0.2,0,"3","7BE00m","7BE","7BE00m 3"
"1890","7","BE","00m","24/9/18","2018",10,6,0,4,0.4,0,"3","7BE00m","7BE","7BE00m 3"
"1891","7","BE","05m","24/9/18","2018",10,8,0,2,0.2,0,"3","7BE05m","7BE","7BE05m 3"
"1892","7","BE","05m","24/9/18","2018",10,10,0,0,0,0,"3","7BE05m","7BE","7BE05m 3"
"1893","7","BE","05m","24/9/18","2018",10,8,0,2,0.2,0,"3","7BE05m","7BE","7BE05m 3"
"1894","7","BE","20m","24/9/18","2018",10,8,0,2,0.2,0,"3","7BE20m","7BE","7BE20m 3"
"1895","7","BE","20m","24/9/18","2018",10,7,0,3,0.3,0,"3","7BE20m","7BE","7BE20m 3"
"1896","7","BE","20m","24/9/18","2018",10,9,0,1,0.1,0,"3","7BE20m","7BE","7BE20m 3"
"1897","7","BF","00m","24/9/18","2018",10,10,0,0,0,0,"3","7BF00m","7BF","7BF00m 3"
"1898","7","BF","00m","24/9/18","2018",10,10,0,0,0,0,"3","7BF00m","7BF","7BF00m 3"
"1899","7","BF","00m","24/9/18","2018",10,9,0,1,0.1,0,"3","7BF00m","7BF","7BF00m 3"
"1900","7","BF","05m","24/9/18","2018",10,9,0,1,0.1,0,"3","7BF05m","7BF","7BF05m 3"
"1901","7","BF","05m","24/9/18","2018",10,8,0,2,0.2,0,"3","7BF05m","7BF","7BF05m 3"
"1902","7","BF","05m","24/9/18","2018",10,0,0,10,1,0,"3","7BF05m","7BF","7BF05m 3"
"1903","7","BF","20m","24/9/18","2018",10,9,0,1,0.1,0,"3","7BF20m","7BF","7BF20m 3"
"1904","7","BF","20m","24/9/18","2018",10,6,0,4,0.4,0,"3","7BF20m","7BF","7BF20m 3"
"1905","7","BF","20m","24/9/18","2018",10,10,0,0,0,0,"3","7BF20m","7BF","7BF20m 3"
"1906","8","BE","00m","24/9/18","2018",10,10,0,0,0,0,"3","8BE00m","8BE","8BE00m 3"
"1907","8","BE","00m","24/9/18","2018",10,10,0,0,0,0,"3","8BE00m","8BE","8BE00m 3"
"1908","8","BE","00m","24/9/18","2018",10,5,0,5,0.5,0,"3","8BE00m","8BE","8BE00m 3"
"1909","8","BE","05m","24/9/18","2018",10,8,0,2,0.2,0,"3","8BE05m","8BE","8BE05m 3"
"1910","8","BE","05m","24/9/18","2018",10,9,0,1,0.1,0,"3","8BE05m","8BE","8BE05m 3"
"1911","8","BE","05m","24/9/18","2018",10,8,0,2,0.2,0,"3","8BE05m","8BE","8BE05m 3"
"1912","8","BE","20m","24/9/18","2018",10,9,0,1,0.1,0,"3","8BE20m","8BE","8BE20m 3"
"1913","8","BE","20m","24/9/18","2018",10,9,0,1,0.1,0,"3","8BE20m","8BE","8BE20m 3"
"1914","8","BE","20m","24/9/18","2018",10,10,0,0,0,0,"3","8BE20m","8BE","8BE20m 3"
"1915","8","BF","00m","24/9/18","2018",10,9,0,1,0.1,0,"3","8BF00m","8BF","8BF00m 3"
"1916","8","BF","00m","24/9/18","2018",10,8,0,2,0.2,0,"3","8BF00m","8BF","8BF00m 3"
"1917","8","BF","00m","24/9/18","2018",10,9,0,1,0.1,0,"3","8BF00m","8BF","8BF00m 3"
"1918","8","BF","05m","24/9/18","2018",10,7,0,3,0.3,0,"3","8BF05m","8BF","8BF05m 3"
"1919","8","BF","05m","24/9/18","2018",10,8,0,2,0.2,0,"3","8BF05m","8BF","8BF05m 3"
"1920","8","BF","05m","24/9/18","2018",10,8,0,2,0.2,0,"3","8BF05m","8BF","8BF05m 3"
"1921","8","BF","20m","24/9/18","2018",10,6,0,4,0.4,0,"3","8BF20m","8BF","8BF20m 3"
"1922","8","BF","20m","24/9/18","2018",10,8,0,2,0.2,0,"3","8BF20m","8BF","8BF20m 3"
"1923","8","BF","20m","24/9/18","2018",10,8,0,2,0.2,0,"3","8BF20m","8BF","8BF20m 3"
